investor_id,transaction_count,avg_gap_days,risk_status
INV000002,6,82.8,At Risk
INV000004,9,53.375,At Risk
INV000005,8,52.0,At Risk
INV000006,6,99.0,At Risk
INV000008,8,50.285714285714285,At Risk
INV000009,7,80.83333333333333,At Risk
INV000010,11,32.8,Active
INV000011,11,45.2,At Risk
INV000012,11,41.4,At Risk
INV000013,10,36.888888888888886,At Risk
INV000014,11,47.1,At Risk
INV000020,6,57.8,At Risk
INV000021,6,75.4,At Risk
INV000022,6,95.8,At Risk
INV000023,10,45.55555555555556,At Risk
INV000024,8,43.285714285714285,At Risk
INV000026,7,72.33333333333333,At Risk
INV000027,7,58.5,At Risk
INV000028,9,58.5,At Risk
INV000029,11,36.4,At Risk
INV000030,12,38.27272727272727,At Risk
INV000031,6,85.0,At Risk
INV000032,8,67.71428571428571,At Risk
INV000033,11,46.2,At Risk
INV000038,7,64.16666666666667,At Risk
INV000039,8,52.857142857142854,At Risk
INV000040,10,51.55555555555556,At Risk
INV000041,6,68.6,At Risk
INV000044,6,89.0,At Risk
INV000045,10,39.22222222222222,At Risk
INV000046,7,72.0,At Risk
INV000048,11,36.8,At Risk
INV000051,6,63.2,At Risk
INV000052,10,46.0,At Risk
INV000054,7,56.0,At Risk
INV000055,12,36.36363636363637,At Risk
INV000056,8,66.85714285714286,At Risk
INV000057,11,34.8,Active
INV000058,7,56.833333333333336,At Risk
INV000062,8,66.28571428571429,At Risk
INV000065,6,91.8,At Risk
INV000066,7,40.833333333333336,At Risk
INV000069,12,40.18181818181818,At Risk
INV000071,7,14.333333333333334,Active
INV000072,10,46.666666666666664,At Risk
INV000073,10,45.666666666666664,At Risk
INV000074,11,50.8,At Risk
INV000075,7,62.333333333333336,At Risk
INV000076,9,58.375,At Risk
INV000079,9,56.125,At Risk
INV000081,11,48.8,At Risk
INV000082,9,62.75,At Risk
INV000084,7,76.5,At Risk
INV000085,8,52.142857142857146,At Risk
INV000086,12,36.54545454545455,At Risk
INV000087,10,51.55555555555556,At Risk
INV000089,11,49.1,At Risk
INV000090,7,48.5,At Risk
INV000091,12,45.63636363636363,At Risk
INV000093,10,49.333333333333336,At Risk
INV000094,11,44.8,At Risk
INV000095,9,52.375,At Risk
INV000097,11,45.7,At Risk
INV000098,7,66.83333333333333,At Risk
INV000099,8,52.42857142857143,At Risk
INV000100,8,61.42857142857143,At Risk
INV000101,12,42.18181818181818,At Risk
INV000102,11,45.7,At Risk
INV000103,8,63.857142857142854,At Risk
INV000104,12,45.0,At Risk
INV000105,10,44.333333333333336,At Risk
INV000108,9,45.625,At Risk
INV000109,10,41.111111111111114,At Risk
INV000113,9,55.625,At Risk
INV000115,6,94.0,At Risk
INV000117,8,54.857142857142854,At Risk
INV000118,6,50.6,At Risk
INV000123,9,44.75,At Risk
INV000124,6,86.8,At Risk
INV000125,7,57.166666666666664,At Risk
INV000128,10,45.55555555555556,At Risk
INV000129,11,49.1,At Risk
INV000130,10,38.22222222222222,At Risk
INV000131,12,37.72727272727273,At Risk
INV000132,9,46.125,At Risk
INV000133,7,73.5,At Risk
INV000137,9,41.75,At Risk
INV000138,12,45.36363636363637,At Risk
INV000143,7,51.333333333333336,At Risk
INV000144,6,73.0,At Risk
INV000145,9,55.875,At Risk
INV000146,8,47.714285714285715,At Risk
INV000147,7,58.0,At Risk
INV000148,10,46.22222222222222,At Risk
INV000150,9,58.0,At Risk
INV000151,6,66.8,At Risk
INV000153,10,31.444444444444443,Active
INV000154,9,59.125,At Risk
INV000155,8,55.285714285714285,At Risk
INV000156,7,79.83333333333333,At Risk
INV000158,8,63.714285714285715,At Risk
INV000161,9,54.75,At Risk
INV000163,10,47.44444444444444,At Risk
INV000164,6,61.8,At Risk
INV000165,9,58.875,At Risk
INV000166,7,83.0,At Risk
INV000167,9,63.0,At Risk
INV000169,12,41.18181818181818,At Risk
INV000173,11,34.6,Active
INV000174,8,68.28571428571429,At Risk
INV000175,12,45.63636363636363,At Risk
INV000177,11,45.8,At Risk
INV000179,6,35.8,At Risk
INV000180,8,47.857142857142854,At Risk
INV000181,10,52.333333333333336,At Risk
INV000182,10,55.22222222222222,At Risk
INV000183,12,41.54545454545455,At Risk
INV000189,6,91.6,At Risk
INV000190,8,65.71428571428571,At Risk
INV000191,11,42.4,At Risk
INV000192,8,57.0,At Risk
INV000193,9,58.25,At Risk
INV000194,12,33.72727272727273,Active
INV000195,10,45.77777777777778,At Risk
INV000196,9,56.75,At Risk
INV000199,7,64.33333333333333,At Risk
INV000200,7,69.83333333333333,At Risk
INV000201,10,48.666666666666664,At Risk
INV000203,9,39.875,At Risk
INV000204,7,69.0,At Risk
INV000205,10,48.666666666666664,At Risk
INV000210,9,61.875,At Risk
INV000211,9,61.0,At Risk
INV000213,6,54.0,At Risk
INV000214,10,52.666666666666664,At Risk
INV000215,9,56.375,At Risk
INV000216,6,53.0,At Risk
INV000217,11,46.0,At Risk
INV000220,6,80.6,At Risk
INV000221,8,38.42857142857143,At Risk
INV000222,6,45.6,At Risk
INV000223,11,49.8,At Risk
INV000224,7,57.5,At Risk
INV000225,8,53.714285714285715,At Risk
INV000226,8,69.57142857142857,At Risk
INV000228,12,43.45454545454545,At Risk
INV000229,7,46.333333333333336,At Risk
INV000230,10,50.666666666666664,At Risk
INV000231,11,34.1,Active
INV000234,7,81.16666666666667,At Risk
INV000235,10,42.111111111111114,At Risk
INV000236,8,67.14285714285714,At Risk
INV000238,10,52.0,At Risk
INV000239,11,34.2,Active
INV000241,10,40.888888888888886,At Risk
INV000242,10,49.55555555555556,At Risk
INV000243,8,63.0,At Risk
INV000244,9,34.0,Active
INV000245,11,46.1,At Risk
INV000249,8,39.0,At Risk
INV000251,6,65.0,At Risk
INV000252,10,36.77777777777778,At Risk
INV000255,8,56.0,At Risk
INV000256,12,38.45454545454545,At Risk
INV000257,8,53.285714285714285,At Risk
INV000259,9,44.125,At Risk
INV000260,12,37.90909090909091,At Risk
INV000261,10,50.44444444444444,At Risk
INV000262,12,34.09090909090909,Active
INV000263,9,59.875,At Risk
INV000265,12,43.72727272727273,At Risk
INV000266,7,62.166666666666664,At Risk
INV000267,12,34.45454545454545,Active
INV000268,11,43.2,At Risk
INV000270,6,48.8,At Risk
INV000271,6,93.6,At Risk
INV000274,6,89.2,At Risk
INV000276,6,68.4,At Risk
INV000278,8,67.0,At Risk
INV000279,12,31.545454545454547,Active
INV000280,12,40.54545454545455,At Risk
INV000283,11,46.5,At Risk
INV000284,7,63.666666666666664,At Risk
INV000286,7,79.5,At Risk
INV000287,9,52.375,At Risk
INV000288,9,57.125,At Risk
INV000289,12,39.90909090909091,At Risk
INV000291,9,55.625,At Risk
INV000292,11,35.8,At Risk
INV000293,12,45.45454545454545,At Risk
INV000294,7,62.333333333333336,At Risk
INV000296,8,58.57142857142857,At Risk
INV000297,9,56.625,At Risk
INV000298,6,74.0,At Risk
INV000299,11,48.8,At Risk
INV000301,7,45.666666666666664,At Risk
INV000303,6,88.4,At Risk
INV000304,10,53.111111111111114,At Risk
INV000305,9,44.0,At Risk
INV000307,7,75.66666666666667,At Risk
INV000308,7,82.66666666666667,At Risk
INV000309,12,41.54545454545455,At Risk
INV000310,12,41.36363636363637,At Risk
INV000312,8,68.42857142857143,At Risk
INV000314,9,50.25,At Risk
INV000316,6,77.0,At Risk
INV000318,8,69.57142857142857,At Risk
INV000319,9,55.125,At Risk
INV000320,12,38.18181818181818,At Risk
INV000321,12,44.27272727272727,At Risk
INV000323,6,59.6,At Risk
INV000326,6,74.4,At Risk
INV000328,12,29.545454545454547,Active
INV000330,9,55.625,At Risk
INV000331,11,47.7,At Risk
INV000332,6,64.4,At Risk
INV000333,6,90.2,At Risk
INV000334,12,26.636363636363637,Active
INV000335,11,48.0,At Risk
INV000337,7,69.0,At Risk
INV000339,10,57.111111111111114,At Risk
INV000340,6,25.6,Active
INV000341,11,46.1,At Risk
INV000344,10,41.22222222222222,At Risk
INV000346,6,52.8,At Risk
INV000349,11,45.2,At Risk
INV000351,8,49.57142857142857,At Risk
INV000352,6,64.6,At Risk
INV000354,7,78.16666666666667,At Risk
INV000356,8,38.857142857142854,At Risk
INV000359,10,48.111111111111114,At Risk
INV000360,9,61.125,At Risk
INV000361,6,46.0,At Risk
INV000363,8,66.0,At Risk
INV000366,8,35.142857142857146,At Risk
INV000369,8,37.714285714285715,At Risk
INV000370,6,93.4,At Risk
INV000371,11,41.5,At Risk
INV000372,10,42.888888888888886,At Risk
INV000374,8,55.857142857142854,At Risk
INV000377,8,61.42857142857143,At Risk
INV000378,6,47.0,At Risk
INV000380,7,80.83333333333333,At Risk
INV000383,10,52.333333333333336,At Risk
INV000384,7,57.833333333333336,At Risk
INV000387,9,48.0,At Risk
INV000388,10,47.666666666666664,At Risk
INV000389,6,95.0,At Risk
INV000390,8,52.42857142857143,At Risk
INV000392,12,42.72727272727273,At Risk
INV000393,7,75.33333333333333,At Risk
INV000394,11,44.1,At Risk
INV000395,9,51.5,At Risk
INV000396,12,44.63636363636363,At Risk
INV000397,6,87.2,At Risk
INV000399,11,44.6,At Risk
INV000400,10,34.77777777777778,Active
INV000402,7,47.0,At Risk
INV000403,11,43.2,At Risk
INV000407,8,66.71428571428571,At Risk
INV000408,7,55.5,At Risk
INV000410,8,56.285714285714285,At Risk
INV000411,6,57.4,At Risk
INV000412,9,38.25,At Risk
INV000413,10,51.55555555555556,At Risk
INV000414,11,46.4,At Risk
INV000415,10,52.666666666666664,At Risk
INV000417,7,52.166666666666664,At Risk
INV000418,9,55.625,At Risk
INV000421,7,80.16666666666667,At Risk
INV000425,7,56.333333333333336,At Risk
INV000427,11,41.1,At Risk
INV000428,11,48.1,At Risk
INV000429,8,55.57142857142857,At Risk
INV000430,6,94.6,At Risk
INV000431,8,59.285714285714285,At Risk
INV000432,7,78.33333333333333,At Risk
INV000436,6,58.4,At Risk
INV000437,9,61.125,At Risk
INV000439,12,34.45454545454545,Active
INV000440,12,44.81818181818182,At Risk
INV000441,8,60.714285714285715,At Risk
INV000444,11,36.6,At Risk
INV000445,11,46.2,At Risk
INV000446,10,40.888888888888886,At Risk
INV000449,8,69.71428571428571,At Risk
INV000452,12,35.90909090909091,At Risk
INV000453,8,42.0,At Risk
INV000454,6,93.0,At Risk
INV000456,6,47.4,At Risk
INV000457,12,41.54545454545455,At Risk
INV000458,12,42.0,At Risk
INV000460,12,43.09090909090909,At Risk
INV000463,10,43.44444444444444,At Risk
INV000466,10,48.888888888888886,At Risk
INV000467,10,56.666666666666664,At Risk
INV000469,12,38.45454545454545,At Risk
INV000473,8,49.57142857142857,At Risk
INV000477,10,44.666666666666664,At Risk
INV000480,9,56.625,At Risk
INV000481,10,52.111111111111114,At Risk
INV000482,10,47.0,At Risk
INV000483,11,49.3,At Risk
INV000485,6,85.8,At Risk
INV000487,7,76.5,At Risk
INV000488,7,75.16666666666667,At Risk
INV000491,12,43.18181818181818,At Risk
INV000492,7,74.33333333333333,At Risk
INV000493,12,38.90909090909091,At Risk
INV000494,7,55.166666666666664,At Risk
INV000495,12,38.54545454545455,At Risk
INV000496,7,54.166666666666664,At Risk
INV000497,10,54.22222222222222,At Risk
INV000499,9,58.375,At Risk
INV000500,8,52.857142857142854,At Risk
INV000505,6,82.0,At Risk
INV000507,9,56.375,At Risk
INV000511,8,62.57142857142857,At Risk
INV000512,12,42.45454545454545,At Risk
INV000514,8,43.142857142857146,At Risk
INV000519,6,74.2,At Risk
INV000520,6,68.2,At Risk
INV000521,9,43.25,At Risk
INV000522,12,45.81818181818182,At Risk
INV000523,10,53.111111111111114,At Risk
INV000524,10,41.22222222222222,At Risk
INV000525,8,49.142857142857146,At Risk
INV000526,10,44.333333333333336,At Risk
INV000527,11,50.2,At Risk
INV000529,11,41.3,At Risk
INV000531,11,28.4,Active
INV000532,11,48.3,At Risk
INV000533,8,65.71428571428571,At Risk
INV000535,6,97.4,At Risk
INV000539,9,57.75,At Risk
INV000540,11,48.4,At Risk
INV000543,8,71.71428571428571,At Risk
INV000544,8,62.285714285714285,At Risk
INV000545,10,50.666666666666664,At Risk
INV000546,12,40.0,At Risk
INV000547,12,43.72727272727273,At Risk
INV000548,8,67.28571428571429,At Risk
INV000549,10,53.44444444444444,At Risk
INV000552,10,55.111111111111114,At Risk
INV000553,7,60.0,At Risk
INV000554,10,39.0,At Risk
INV000556,11,41.3,At Risk
INV000557,6,88.0,At Risk
INV000558,8,61.42857142857143,At Risk
INV000562,7,62.0,At Risk
INV000563,12,41.63636363636363,At Risk
INV000566,12,39.63636363636363,At Risk
INV000567,12,40.54545454545455,At Risk
INV000568,9,39.0,At Risk
INV000569,12,42.18181818181818,At Risk
INV000570,11,47.1,At Risk
INV000573,12,27.727272727272727,Active
INV000575,8,52.714285714285715,At Risk
INV000576,9,52.75,At Risk
INV000577,11,43.4,At Risk
INV000578,12,45.81818181818182,At Risk
INV000580,9,49.25,At Risk
INV000581,12,42.72727272727273,At Risk
INV000583,9,51.75,At Risk
INV000584,8,63.857142857142854,At Risk
INV000585,9,61.125,At Risk
INV000586,12,44.54545454545455,At Risk
INV000587,12,33.81818181818182,Active
INV000589,11,47.3,At Risk
INV000591,8,55.285714285714285,At Risk
INV000593,11,43.8,At Risk
INV000595,10,53.44444444444444,At Risk
INV000596,12,43.27272727272727,At Risk
INV000597,8,63.285714285714285,At Risk
INV000598,6,93.6,At Risk
INV000599,10,54.333333333333336,At Risk
INV000600,6,88.8,At Risk
INV000601,10,32.666666666666664,Active
INV000602,10,45.77777777777778,At Risk
INV000604,10,42.55555555555556,At Risk
INV000606,12,38.27272727272727,At Risk
INV000607,10,50.22222222222222,At Risk
INV000608,7,83.5,At Risk
INV000609,12,26.09090909090909,Active
INV000611,6,69.2,At Risk
INV000612,12,44.81818181818182,At Risk
INV000614,7,26.0,Active
INV000615,9,46.125,At Risk
INV000616,9,61.5,At Risk
INV000619,9,26.0,Active
INV000621,10,47.111111111111114,At Risk
INV000623,10,48.44444444444444,At Risk
INV000624,9,43.75,At Risk
INV000625,12,41.45454545454545,At Risk
INV000626,6,73.4,At Risk
INV000629,6,75.6,At Risk
INV000630,9,54.25,At Risk
INV000631,9,41.375,At Risk
INV000633,6,86.2,At Risk
INV000634,11,41.8,At Risk
INV000635,8,53.57142857142857,At Risk
INV000636,6,54.4,At Risk
INV000637,6,64.2,At Risk
INV000638,8,71.0,At Risk
INV000639,11,50.8,At Risk
INV000641,8,44.857142857142854,At Risk
INV000642,11,50.2,At Risk
INV000643,7,51.5,At Risk
INV000644,6,69.4,At Risk
INV000645,12,30.0,Active
INV000646,12,37.63636363636363,At Risk
INV000649,10,52.22222222222222,At Risk
INV000651,8,70.85714285714286,At Risk
INV000652,12,43.36363636363637,At Risk
INV000654,6,91.4,At Risk
INV000656,7,62.333333333333336,At Risk
INV000657,10,50.333333333333336,At Risk
INV000658,9,47.375,At Risk
INV000660,6,42.0,At Risk
INV000661,8,60.42857142857143,At Risk
INV000662,11,46.3,At Risk
INV000663,6,94.4,At Risk
INV000664,8,46.714285714285715,At Risk
INV000665,12,29.636363636363637,Active
INV000666,7,62.166666666666664,At Risk
INV000667,12,43.54545454545455,At Risk
INV000671,12,38.72727272727273,At Risk
INV000673,6,92.8,At Risk
INV000675,12,36.63636363636363,At Risk
INV000676,12,32.09090909090909,Active
INV000678,11,38.0,At Risk
INV000682,6,96.6,At Risk
INV000683,11,50.6,At Risk
INV000689,8,46.714285714285715,At Risk
INV000690,12,45.90909090909091,At Risk
INV000691,10,52.888888888888886,At Risk
INV000693,10,44.333333333333336,At Risk
INV000694,7,82.5,At Risk
INV000695,8,63.285714285714285,At Risk
INV000698,12,38.0,At Risk
INV000699,8,36.42857142857143,At Risk
INV000701,11,50.2,At Risk
INV000703,7,84.0,At Risk
INV000704,9,50.625,At Risk
INV000706,9,54.5,At Risk
INV000707,10,45.0,At Risk
INV000708,8,66.0,At Risk
INV000709,12,39.54545454545455,At Risk
INV000710,7,73.83333333333333,At Risk
INV000711,8,60.0,At Risk
INV000714,12,26.90909090909091,Active
INV000715,7,55.333333333333336,At Risk
INV000717,7,77.66666666666667,At Risk
INV000718,10,38.55555555555556,At Risk
INV000719,12,40.72727272727273,At Risk
INV000720,8,70.71428571428571,At Risk
INV000721,7,78.0,At Risk
INV000722,9,52.125,At Risk
INV000723,6,86.6,At Risk
INV000724,9,50.75,At Risk
INV000725,8,58.0,At Risk
INV000726,7,69.5,At Risk
INV000728,9,39.125,At Risk
INV000732,10,42.333333333333336,At Risk
INV000733,7,74.5,At Risk
INV000734,11,46.3,At Risk
INV000735,8,61.42857142857143,At Risk
INV000736,10,44.333333333333336,At Risk
INV000737,8,66.14285714285714,At Risk
INV000738,8,49.57142857142857,At Risk
INV000739,8,60.714285714285715,At Risk
INV000741,8,65.71428571428571,At Risk
INV000742,6,83.0,At Risk
INV000744,10,28.22222222222222,Active
INV000745,6,88.8,At Risk
INV000746,9,60.5,At Risk
INV000747,11,45.7,At Risk
INV000749,12,40.45454545454545,At Risk
INV000750,12,35.36363636363637,At Risk
INV000751,11,42.4,At Risk
INV000752,7,78.66666666666667,At Risk
INV000753,7,50.666666666666664,At Risk
INV000754,11,44.7,At Risk
INV000755,7,66.16666666666667,At Risk
INV000757,6,83.4,At Risk
INV000758,10,50.44444444444444,At Risk
INV000759,11,49.8,At Risk
INV000761,11,49.4,At Risk
INV000764,8,57.57142857142857,At Risk
INV000765,12,43.0,At Risk
INV000767,6,94.2,At Risk
INV000768,12,38.18181818181818,At Risk
INV000769,7,76.66666666666667,At Risk
INV000772,12,36.36363636363637,At Risk
INV000774,9,55.25,At Risk
INV000776,11,42.1,At Risk
INV000777,8,47.142857142857146,At Risk
INV000778,11,48.1,At Risk
INV000779,12,40.36363636363637,At Risk
INV000782,6,35.4,At Risk
INV000783,12,44.36363636363637,At Risk
INV000784,8,62.42857142857143,At Risk
INV000785,11,38.9,At Risk
INV000786,10,57.0,At Risk
INV000788,7,52.5,At Risk
INV000789,10,44.333333333333336,At Risk
INV000791,9,56.125,At Risk
INV000793,11,48.4,At Risk
INV000799,7,80.83333333333333,At Risk
INV000803,9,57.875,At Risk
INV000804,6,92.2,At Risk
INV000806,12,34.09090909090909,Active
INV000810,10,38.0,At Risk
INV000811,6,58.2,At Risk
INV000813,8,62.142857142857146,At Risk
INV000814,7,78.33333333333333,At Risk
INV000819,6,48.0,At Risk
INV000821,9,44.5,At Risk
INV000822,9,41.625,At Risk
INV000823,10,35.44444444444444,At Risk
INV000826,7,74.5,At Risk
INV000827,10,45.333333333333336,At Risk
INV000829,9,58.875,At Risk
INV000830,10,44.44444444444444,At Risk
INV000831,6,54.0,At Risk
INV000833,10,56.44444444444444,At Risk
INV000836,7,70.66666666666667,At Risk
INV000840,9,62.875,At Risk
INV000841,7,71.33333333333333,At Risk
INV000843,11,35.8,At Risk
INV000844,10,44.111111111111114,At Risk
INV000845,7,46.5,At Risk
INV000847,11,26.9,Active
INV000849,11,47.2,At Risk
INV000850,6,28.6,Active
INV000851,9,53.375,At Risk
INV000853,12,40.36363636363637,At Risk
INV000854,10,54.44444444444444,At Risk
INV000856,9,55.0,At Risk
INV000857,9,52.125,At Risk
INV000858,11,35.9,At Risk
INV000860,10,47.44444444444444,At Risk
INV000861,9,54.875,At Risk
INV000862,9,59.625,At Risk
INV000864,11,42.0,At Risk
INV000865,11,40.4,At Risk
INV000869,10,37.22222222222222,At Risk
INV000870,6,70.4,At Risk
INV000873,10,49.0,At Risk
INV000874,12,45.18181818181818,At Risk
INV000876,6,37.0,At Risk
INV000877,9,37.125,At Risk
INV000880,6,84.8,At Risk
INV000881,12,37.72727272727273,At Risk
INV000885,6,87.0,At Risk
INV000887,11,40.6,At Risk
INV000888,9,60.25,At Risk
INV000890,7,43.333333333333336,At Risk
INV000891,9,55.0,At Risk
INV000892,6,77.0,At Risk
INV000893,9,45.375,At Risk
INV000894,12,43.54545454545455,At Risk
INV000895,8,63.57142857142857,At Risk
INV000901,7,45.166666666666664,At Risk
INV000902,10,43.111111111111114,At Risk
INV000906,11,36.8,At Risk
INV000907,9,40.5,At Risk
INV000909,6,82.8,At Risk
INV000912,11,41.5,At Risk
INV000913,7,76.33333333333333,At Risk
INV000914,9,55.5,At Risk
INV000915,6,78.2,At Risk
INV000919,7,58.5,At Risk
INV000920,9,47.25,At Risk
INV000921,6,76.2,At Risk
INV000925,8,59.57142857142857,At Risk
INV000926,8,57.142857142857146,At Risk
INV000927,7,25.5,Active
INV000929,10,39.666666666666664,At Risk
INV000930,12,23.90909090909091,Active
INV000931,8,49.285714285714285,At Risk
INV000933,9,55.375,At Risk
INV000935,11,24.7,Active
INV000939,11,45.0,At Risk
INV000941,6,95.0,At Risk
INV000942,12,39.63636363636363,At Risk
INV000944,6,68.4,At Risk
INV000946,6,60.0,At Risk
INV000947,8,64.28571428571429,At Risk
INV000949,11,40.5,At Risk
INV000950,11,48.6,At Risk
INV000954,10,56.333333333333336,At Risk
INV000957,8,52.57142857142857,At Risk
INV000958,6,90.6,At Risk
INV000959,9,45.125,At Risk
INV000960,9,60.875,At Risk
INV000962,8,57.57142857142857,At Risk
INV000966,12,39.18181818181818,At Risk
INV000968,9,48.625,At Risk
INV000969,10,48.333333333333336,At Risk
INV000970,6,45.4,At Risk
INV000971,12,36.0,At Risk
INV000972,11,38.1,At Risk
INV000974,8,63.0,At Risk
INV000977,12,39.90909090909091,At Risk
INV000978,7,46.833333333333336,At Risk
INV000979,8,59.42857142857143,At Risk
INV000980,10,36.77777777777778,At Risk
INV000981,11,30.4,Active
INV000984,9,44.5,At Risk
INV000985,6,73.2,At Risk
INV000986,9,45.625,At Risk
INV000988,8,66.71428571428571,At Risk
INV000989,7,83.0,At Risk
INV000992,6,83.2,At Risk
INV000994,12,40.18181818181818,At Risk
INV000995,9,21.875,Active
INV000997,8,55.142857142857146,At Risk
INV000999,8,47.142857142857146,At Risk
INV001001,12,40.54545454545455,At Risk
INV001002,10,46.44444444444444,At Risk
INV001005,11,46.8,At Risk
INV001006,6,93.0,At Risk
INV001008,9,48.625,At Risk
INV001009,10,42.333333333333336,At Risk
INV001011,6,99.4,At Risk
INV001012,6,32.4,Active
INV001013,10,53.77777777777778,At Risk
INV001014,7,77.66666666666667,At Risk
INV001015,6,36.0,At Risk
INV001017,7,68.5,At Risk
INV001019,11,35.9,At Risk
INV001020,7,53.833333333333336,At Risk
INV001021,10,45.77777777777778,At Risk
INV001023,12,46.09090909090909,At Risk
INV001024,8,51.285714285714285,At Risk
INV001025,8,32.57142857142857,Active
INV001026,11,47.8,At Risk
INV001027,8,70.57142857142857,At Risk
INV001029,11,46.9,At Risk
INV001031,11,48.2,At Risk
INV001034,7,69.16666666666667,At Risk
INV001036,10,54.666666666666664,At Risk
INV001037,11,42.6,At Risk
INV001039,9,47.875,At Risk
INV001041,8,71.14285714285714,At Risk
INV001042,7,49.5,At Risk
INV001043,8,71.0,At Risk
INV001045,8,71.14285714285714,At Risk
INV001047,10,55.666666666666664,At Risk
INV001048,12,35.27272727272727,At Risk
INV001049,7,69.66666666666667,At Risk
INV001051,11,37.9,At Risk
INV001053,10,51.666666666666664,At Risk
INV001055,10,51.77777777777778,At Risk
INV001058,12,44.81818181818182,At Risk
INV001060,12,38.81818181818182,At Risk
INV001061,11,40.9,At Risk
INV001062,7,52.5,At Risk
INV001063,12,30.727272727272727,Active
INV001064,12,43.27272727272727,At Risk
INV001067,10,41.666666666666664,At Risk
INV001068,6,99.2,At Risk
INV001069,11,35.2,At Risk
INV001070,12,44.09090909090909,At Risk
INV001074,8,44.714285714285715,At Risk
INV001075,7,51.0,At Risk
INV001077,9,46.75,At Risk
INV001079,11,46.1,At Risk
INV001080,8,52.142857142857146,At Risk
INV001081,6,79.0,At Risk
INV001083,9,43.25,At Risk
INV001087,7,63.5,At Risk
INV001088,7,74.33333333333333,At Risk
INV001091,6,71.8,At Risk
INV001092,12,42.18181818181818,At Risk
INV001093,9,57.875,At Risk
INV001094,7,77.5,At Risk
INV001096,10,51.888888888888886,At Risk
INV001099,11,31.9,Active
INV001101,6,85.4,At Risk
INV001102,10,50.666666666666664,At Risk
INV001103,8,47.57142857142857,At Risk
INV001109,6,90.4,At Risk
INV001111,6,96.6,At Risk
INV001112,6,40.0,At Risk
INV001113,7,48.5,At Risk
INV001115,10,45.77777777777778,At Risk
INV001116,12,42.27272727272727,At Risk
INV001117,9,54.0,At Risk
INV001118,10,49.0,At Risk
INV001123,9,56.75,At Risk
INV001124,7,79.66666666666667,At Risk
INV001128,11,44.2,At Risk
INV001130,11,46.6,At Risk
INV001131,10,53.888888888888886,At Risk
INV001133,6,41.6,At Risk
INV001137,11,34.3,Active
INV001138,9,50.5,At Risk
INV001140,8,56.57142857142857,At Risk
INV001141,8,69.71428571428571,At Risk
INV001142,9,49.5,At Risk
INV001144,6,64.4,At Risk
INV001152,6,46.6,At Risk
INV001155,8,69.14285714285714,At Risk
INV001156,10,56.888888888888886,At Risk
INV001157,12,33.63636363636363,Active
INV001160,9,52.75,At Risk
INV001161,8,57.57142857142857,At Risk
INV001163,12,43.54545454545455,At Risk
INV001165,7,57.5,At Risk
INV001166,9,54.0,At Risk
INV001167,6,96.2,At Risk
INV001168,7,76.16666666666667,At Risk
INV001170,9,49.125,At Risk
INV001173,7,55.833333333333336,At Risk
INV001174,9,58.75,At Risk
INV001175,7,78.66666666666667,At Risk
INV001178,12,43.54545454545455,At Risk
INV001180,8,61.857142857142854,At Risk
INV001181,9,59.0,At Risk
INV001182,6,71.0,At Risk
INV001183,6,55.8,At Risk
INV001185,9,50.125,At Risk
INV001186,8,44.57142857142857,At Risk
INV001189,8,46.57142857142857,At Risk
INV001190,7,80.83333333333333,At Risk
INV001192,6,81.4,At Risk
INV001195,12,34.27272727272727,Active
INV001196,6,92.2,At Risk
INV001197,9,49.875,At Risk
INV001198,11,48.4,At Risk
INV001202,9,50.75,At Risk
INV001204,7,75.83333333333333,At Risk
INV001206,12,38.0,At Risk
INV001207,7,50.833333333333336,At Risk
INV001208,10,37.333333333333336,At Risk
INV001210,12,26.818181818181817,Active
INV001212,8,45.142857142857146,At Risk
INV001213,10,53.888888888888886,At Risk
INV001215,6,97.0,At Risk
INV001217,12,39.09090909090909,At Risk
INV001218,9,49.25,At Risk
INV001219,11,36.9,At Risk
INV001220,9,57.875,At Risk
INV001221,8,64.57142857142857,At Risk
INV001222,6,68.6,At Risk
INV001223,11,42.5,At Risk
INV001224,8,40.57142857142857,At Risk
INV001225,9,53.125,At Risk
INV001227,11,39.7,At Risk
INV001228,12,43.18181818181818,At Risk
INV001232,6,87.8,At Risk
INV001233,7,55.5,At Risk
INV001234,12,40.72727272727273,At Risk
INV001235,11,47.2,At Risk
INV001236,7,73.33333333333333,At Risk
INV001237,7,81.66666666666667,At Risk
INV001238,12,37.36363636363637,At Risk
INV001241,6,33.0,Active
INV001242,10,47.333333333333336,At Risk
INV001244,6,34.2,Active
INV001246,6,80.0,At Risk
INV001247,7,44.333333333333336,At Risk
INV001249,6,71.6,At Risk
INV001250,6,82.2,At Risk
INV001251,9,54.25,At Risk
INV001255,6,70.8,At Risk
INV001257,10,52.44444444444444,At Risk
INV001259,12,43.81818181818182,At Risk
INV001260,7,68.33333333333333,At Risk
INV001261,7,55.5,At Risk
INV001262,8,50.857142857142854,At Risk
INV001264,8,44.857142857142854,At Risk
INV001265,7,57.5,At Risk
INV001269,10,56.44444444444444,At Risk
INV001274,12,45.36363636363637,At Risk
INV001275,12,39.0,At Risk
INV001280,6,83.6,At Risk
INV001281,6,88.8,At Risk
INV001282,8,54.857142857142854,At Risk
INV001284,11,50.6,At Risk
INV001287,9,57.625,At Risk
INV001288,8,39.142857142857146,At Risk
INV001291,7,63.5,At Risk
INV001295,10,45.111111111111114,At Risk
INV001298,11,43.1,At Risk
INV001299,12,40.36363636363637,At Risk
INV001300,7,75.0,At Risk
INV001304,12,44.36363636363637,At Risk
INV001308,12,41.63636363636363,At Risk
INV001310,8,58.0,At Risk
INV001312,11,43.7,At Risk
INV001314,10,50.44444444444444,At Risk
INV001315,10,48.888888888888886,At Risk
INV001316,10,51.333333333333336,At Risk
INV001317,11,42.4,At Risk
INV001318,11,41.6,At Risk
INV001319,8,33.57142857142857,Active
INV001320,11,45.2,At Risk
INV001321,7,75.83333333333333,At Risk
INV001322,7,80.83333333333333,At Risk
INV001325,7,82.5,At Risk
INV001326,12,44.18181818181818,At Risk
INV001329,10,46.888888888888886,At Risk
INV001331,10,52.77777777777778,At Risk
INV001332,9,60.0,At Risk
INV001333,12,45.54545454545455,At Risk
INV001334,10,50.333333333333336,At Risk
INV001336,9,57.625,At Risk
INV001342,9,54.25,At Risk
INV001343,6,56.0,At Risk
INV001345,8,65.0,At Risk
INV001346,7,76.5,At Risk
INV001348,11,40.9,At Risk
INV001350,8,71.14285714285714,At Risk
INV001351,12,40.90909090909091,At Risk
INV001352,6,64.8,At Risk
INV001353,7,57.333333333333336,At Risk
INV001354,9,53.125,At Risk
INV001355,11,40.2,At Risk
INV001356,11,39.6,At Risk
INV001359,9,54.375,At Risk
INV001361,9,37.875,At Risk
INV001363,7,50.666666666666664,At Risk
INV001366,9,54.375,At Risk
INV001367,7,82.5,At Risk
INV001369,9,50.625,At Risk
INV001370,7,81.0,At Risk
INV001374,7,55.833333333333336,At Risk
INV001375,12,44.90909090909091,At Risk
INV001376,7,78.66666666666667,At Risk
INV001377,8,65.14285714285714,At Risk
INV001378,6,79.2,At Risk
INV001379,7,48.333333333333336,At Risk
INV001383,10,44.0,At Risk
INV001384,10,43.55555555555556,At Risk
INV001386,7,51.833333333333336,At Risk
INV001387,9,57.25,At Risk
INV001388,6,70.6,At Risk
INV001389,6,87.0,At Risk
INV001390,6,82.0,At Risk
INV001391,8,68.71428571428571,At Risk
INV001392,8,52.0,At Risk
INV001394,9,55.625,At Risk
INV001395,8,56.0,At Risk
INV001397,11,48.1,At Risk
INV001398,11,45.5,At Risk
INV001399,7,62.333333333333336,At Risk
INV001400,11,38.4,At Risk
INV001401,10,38.111111111111114,At Risk
INV001402,9,61.625,At Risk
INV001406,12,39.0,At Risk
INV001407,10,39.55555555555556,At Risk
INV001409,7,32.333333333333336,Active
INV001410,8,61.0,At Risk
INV001411,8,65.14285714285714,At Risk
INV001413,8,56.0,At Risk
INV001415,10,53.0,At Risk
INV001418,9,57.625,At Risk
INV001419,8,61.285714285714285,At Risk
INV001421,8,63.142857142857146,At Risk
INV001423,11,34.0,Active
INV001424,6,93.0,At Risk
INV001428,12,44.18181818181818,At Risk
INV001432,7,59.5,At Risk
INV001433,6,99.2,At Risk
INV001434,9,60.375,At Risk
INV001439,7,56.333333333333336,At Risk
INV001442,12,41.54545454545455,At Risk
INV001443,6,57.2,At Risk
INV001448,6,47.8,At Risk
INV001449,7,48.5,At Risk
INV001454,8,62.57142857142857,At Risk
INV001455,12,41.18181818181818,At Risk
INV001456,9,52.375,At Risk
INV001457,12,38.09090909090909,At Risk
INV001458,12,32.63636363636363,Active
INV001460,11,33.4,Active
INV001462,9,55.0,At Risk
INV001465,7,52.0,At Risk
INV001466,11,26.7,Active
INV001467,10,54.333333333333336,At Risk
INV001470,7,72.33333333333333,At Risk
INV001472,9,49.375,At Risk
INV001473,7,81.33333333333333,At Risk
INV001478,7,79.66666666666667,At Risk
INV001480,7,47.833333333333336,At Risk
INV001481,7,49.833333333333336,At Risk
INV001482,8,57.57142857142857,At Risk
INV001483,6,84.6,At Risk
INV001485,10,48.888888888888886,At Risk
INV001491,8,70.57142857142857,At Risk
INV001496,11,40.1,At Risk
INV001497,12,45.81818181818182,At Risk
INV001498,6,68.8,At Risk
INV001499,10,41.77777777777778,At Risk
INV001500,8,63.857142857142854,At Risk
INV001501,7,52.833333333333336,At Risk
INV001503,6,44.8,At Risk
INV001504,10,48.22222222222222,At Risk
INV001506,7,78.16666666666667,At Risk
INV001507,12,39.18181818181818,At Risk
INV001508,10,55.888888888888886,At Risk
INV001510,10,44.55555555555556,At Risk
INV001512,11,47.7,At Risk
INV001513,6,60.6,At Risk
INV001514,11,38.9,At Risk
INV001516,9,56.625,At Risk
INV001518,9,46.25,At Risk
INV001521,9,47.25,At Risk
INV001524,7,63.5,At Risk
INV001525,7,60.833333333333336,At Risk
INV001526,10,29.333333333333332,Active
INV001528,11,48.0,At Risk
INV001530,9,48.5,At Risk
INV001532,11,47.4,At Risk
INV001534,8,64.42857142857143,At Risk
INV001536,11,41.4,At Risk
INV001538,7,65.5,At Risk
INV001543,6,56.2,At Risk
INV001544,11,42.6,At Risk
INV001545,11,46.4,At Risk
INV001547,12,43.81818181818182,At Risk
INV001548,8,57.57142857142857,At Risk
INV001549,9,50.125,At Risk
INV001550,11,47.4,At Risk
INV001551,9,55.875,At Risk
INV001553,12,44.90909090909091,At Risk
INV001555,6,91.0,At Risk
INV001557,7,80.33333333333333,At Risk
INV001558,11,38.7,At Risk
INV001560,6,98.2,At Risk
INV001561,8,55.857142857142854,At Risk
INV001562,11,39.8,At Risk
INV001564,12,39.18181818181818,At Risk
INV001567,6,50.2,At Risk
INV001569,7,69.5,At Risk
INV001570,9,59.875,At Risk
INV001573,8,42.142857142857146,At Risk
INV001574,7,42.666666666666664,At Risk
INV001575,9,52.625,At Risk
INV001576,7,75.33333333333333,At Risk
INV001579,12,41.63636363636363,At Risk
INV001580,12,40.63636363636363,At Risk
INV001583,9,56.125,At Risk
INV001585,9,35.375,At Risk
INV001587,11,40.1,At Risk
INV001588,7,69.5,At Risk
INV001591,11,32.0,Active
INV001592,6,19.0,Active
INV001594,7,76.83333333333333,At Risk
INV001595,7,69.33333333333333,At Risk
INV001596,6,76.4,At Risk
INV001597,11,43.4,At Risk
INV001598,9,50.5,At Risk
INV001599,12,44.54545454545455,At Risk
INV001602,12,42.63636363636363,At Risk
INV001603,11,33.3,Active
INV001605,11,49.9,At Risk
INV001606,8,58.0,At Risk
INV001608,11,36.0,At Risk
INV001609,10,52.77777777777778,At Risk
INV001611,11,42.7,At Risk
INV001612,10,50.22222222222222,At Risk
INV001615,8,44.0,At Risk
INV001616,12,38.54545454545455,At Risk
INV001618,8,59.714285714285715,At Risk
INV001619,6,70.0,At Risk
INV001620,7,43.0,At Risk
INV001623,11,46.9,At Risk
INV001624,12,34.0,Active
INV001625,12,39.63636363636363,At Risk
INV001627,6,70.8,At Risk
INV001628,12,32.90909090909091,Active
INV001629,12,44.36363636363637,At Risk
INV001631,11,45.6,At Risk
INV001635,7,73.0,At Risk
INV001636,11,39.1,At Risk
INV001637,6,90.4,At Risk
INV001639,6,69.4,At Risk
INV001640,12,28.0,Active
INV001641,10,54.55555555555556,At Risk
INV001643,8,49.285714285714285,At Risk
INV001644,11,41.0,At Risk
INV001645,8,54.285714285714285,At Risk
INV001648,9,58.625,At Risk
INV001649,12,42.27272727272727,At Risk
INV001650,6,49.2,At Risk
INV001651,11,47.2,At Risk
INV001652,9,46.75,At Risk
INV001653,8,55.142857142857146,At Risk
INV001654,10,38.22222222222222,At Risk
INV001656,10,51.333333333333336,At Risk
INV001658,11,42.2,At Risk
INV001660,6,78.8,At Risk
INV001662,12,41.36363636363637,At Risk
INV001663,8,46.57142857142857,At Risk
INV001666,6,58.2,At Risk
INV001670,11,36.5,At Risk
INV001671,7,62.0,At Risk
INV001672,12,24.727272727272727,Active
INV001673,11,49.3,At Risk
INV001674,6,76.8,At Risk
INV001679,7,76.5,At Risk
INV001680,12,42.81818181818182,At Risk
INV001683,8,62.142857142857146,At Risk
INV001689,12,45.54545454545455,At Risk
INV001690,9,60.875,At Risk
INV001691,9,57.75,At Risk
INV001692,11,44.1,At Risk
INV001694,10,51.44444444444444,At Risk
INV001695,9,21.375,Active
INV001696,6,87.8,At Risk
INV001697,12,45.45454545454545,At Risk
INV001699,8,59.42857142857143,At Risk
INV001701,12,45.72727272727273,At Risk
INV001705,9,47.625,At Risk
INV001706,10,43.22222222222222,At Risk
INV001709,8,37.0,At Risk
INV001711,7,65.83333333333333,At Risk
INV001712,8,47.57142857142857,At Risk
INV001713,8,45.857142857142854,At Risk
INV001715,8,68.28571428571429,At Risk
INV001718,9,52.5,At Risk
INV001720,8,68.42857142857143,At Risk
INV001721,7,81.66666666666667,At Risk
INV001723,7,83.66666666666667,At Risk
INV001724,9,52.25,At Risk
INV001725,11,44.6,At Risk
INV001728,11,35.4,At Risk
INV001732,6,92.2,At Risk
INV001735,7,79.0,At Risk
INV001736,7,65.0,At Risk
INV001737,9,42.625,At Risk
INV001738,12,40.09090909090909,At Risk
INV001739,10,46.666666666666664,At Risk
INV001740,10,48.77777777777778,At Risk
INV001741,11,45.2,At Risk
INV001742,9,52.375,At Risk
INV001743,7,44.0,At Risk
INV001744,12,42.81818181818182,At Risk
INV001746,12,32.09090909090909,Active
INV001747,8,68.85714285714286,At Risk
INV001748,8,39.142857142857146,At Risk
INV001751,8,39.142857142857146,At Risk
INV001752,12,37.81818181818182,At Risk
INV001753,12,42.81818181818182,At Risk
INV001757,12,35.36363636363637,At Risk
INV001758,10,36.22222222222222,At Risk
INV001759,12,40.54545454545455,At Risk
INV001762,8,47.57142857142857,At Risk
INV001763,7,59.666666666666664,At Risk
INV001765,8,67.57142857142857,At Risk
INV001769,8,70.0,At Risk
INV001770,8,71.14285714285714,At Risk
INV001771,8,64.14285714285714,At Risk
INV001772,10,52.77777777777778,At Risk
INV001775,8,29.142857142857142,Active
INV001777,11,46.1,At Risk
INV001778,12,40.45454545454545,At Risk
INV001780,6,54.8,At Risk
INV001782,10,52.0,At Risk
INV001783,9,58.875,At Risk
INV001784,11,39.8,At Risk
INV001787,6,60.0,At Risk
INV001790,10,44.55555555555556,At Risk
INV001792,6,58.4,At Risk
INV001794,9,45.625,At Risk
INV001796,7,73.5,At Risk
INV001797,11,47.8,At Risk
INV001798,6,54.0,At Risk
INV001799,7,73.16666666666667,At Risk
INV001800,11,42.0,At Risk
INV001801,6,68.6,At Risk
INV001802,10,49.0,At Risk
INV001803,9,36.875,At Risk
INV001804,11,42.9,At Risk
INV001805,6,62.2,At Risk
INV001806,11,47.7,At Risk
INV001809,7,79.66666666666667,At Risk
INV001810,11,45.3,At Risk
INV001811,12,44.81818181818182,At Risk
INV001813,8,63.0,At Risk
INV001814,10,44.888888888888886,At Risk
INV001815,7,60.333333333333336,At Risk
INV001816,11,41.5,At Risk
INV001820,11,40.5,At Risk
INV001822,8,23.285714285714285,Active
INV001823,12,37.0,At Risk
INV001824,6,91.2,At Risk
INV001825,10,46.55555555555556,At Risk
INV001826,9,33.125,Active
INV001827,6,95.0,At Risk
INV001828,8,44.42857142857143,At Risk
INV001829,7,67.5,At Risk
INV001831,9,45.5,At Risk
INV001832,8,60.0,At Risk
INV001833,7,41.833333333333336,At Risk
INV001834,7,62.0,At Risk
INV001835,6,78.0,At Risk
INV001836,11,37.2,At Risk
INV001837,12,42.27272727272727,At Risk
INV001841,9,35.125,At Risk
INV001842,10,47.44444444444444,At Risk
INV001843,9,50.625,At Risk
INV001844,9,51.625,At Risk
INV001848,9,60.125,At Risk
INV001849,6,84.8,At Risk
INV001851,8,56.142857142857146,At Risk
INV001852,8,71.71428571428571,At Risk
INV001853,12,30.181818181818183,Active
INV001856,8,53.57142857142857,At Risk
INV001857,11,45.1,At Risk
INV001858,11,47.3,At Risk
INV001859,7,82.5,At Risk
INV001861,10,39.77777777777778,At Risk
INV001865,9,47.625,At Risk
INV001866,8,46.142857142857146,At Risk
INV001867,6,89.6,At Risk
INV001868,6,91.6,At Risk
INV001870,8,65.14285714285714,At Risk
INV001871,12,42.63636363636363,At Risk
INV001874,10,52.333333333333336,At Risk
INV001875,7,73.0,At Risk
INV001877,7,54.833333333333336,At Risk
INV001879,9,58.5,At Risk
INV001880,9,49.125,At Risk
INV001881,6,74.6,At Risk
INV001883,8,70.85714285714286,At Risk
INV001885,12,45.09090909090909,At Risk
INV001886,10,45.111111111111114,At Risk
INV001887,7,78.0,At Risk
INV001888,8,65.42857142857143,At Risk
INV001890,7,85.5,At Risk
INV001891,9,60.25,At Risk
INV001893,6,54.6,At Risk
INV001895,8,61.57142857142857,At Risk
INV001896,6,47.0,At Risk
INV001897,7,52.833333333333336,At Risk
INV001899,8,69.28571428571429,At Risk
INV001903,10,38.22222222222222,At Risk
INV001909,10,48.333333333333336,At Risk
INV001912,11,45.4,At Risk
INV001913,6,64.6,At Risk
INV001914,10,42.22222222222222,At Risk
INV001916,10,45.888888888888886,At Risk
INV001917,8,40.42857142857143,At Risk
INV001920,11,30.0,Active
INV001921,12,43.63636363636363,At Risk
INV001922,7,68.66666666666667,At Risk
INV001923,12,44.0,At Risk
INV001924,9,60.875,At Risk
INV001926,11,46.4,At Risk
INV001927,9,42.25,At Risk
INV001928,6,83.8,At Risk
INV001929,10,45.111111111111114,At Risk
INV001930,6,97.0,At Risk
INV001933,8,61.714285714285715,At Risk
INV001937,11,48.3,At Risk
INV001938,12,32.90909090909091,Active
INV001940,8,56.142857142857146,At Risk
INV001943,7,62.0,At Risk
INV001944,10,45.22222222222222,At Risk
INV001945,8,46.57142857142857,At Risk
INV001946,6,56.6,At Risk
INV001950,12,44.09090909090909,At Risk
INV001951,10,47.111111111111114,At Risk
INV001954,9,54.25,At Risk
INV001955,8,54.285714285714285,At Risk
INV001956,7,79.33333333333333,At Risk
INV001959,9,53.75,At Risk
INV001961,8,65.85714285714286,At Risk
INV001962,6,70.6,At Risk
INV001967,8,25.857142857142858,Active
INV001969,11,45.1,At Risk
INV001970,7,67.66666666666667,At Risk
INV001971,11,38.3,At Risk
INV001972,12,35.0,Active
INV001974,11,35.7,At Risk
INV001975,6,78.2,At Risk
INV001977,9,56.75,At Risk
INV001978,7,76.16666666666667,At Risk
INV001979,11,42.0,At Risk
INV001982,8,61.285714285714285,At Risk
INV001983,8,68.71428571428571,At Risk
INV001985,7,70.83333333333333,At Risk
INV001986,9,38.25,At Risk
INV001987,11,40.2,At Risk
INV001990,12,40.63636363636363,At Risk
INV001993,11,44.7,At Risk
INV001995,9,43.75,At Risk
INV001997,9,59.25,At Risk
INV001998,12,42.90909090909091,At Risk
INV001999,12,29.90909090909091,Active
INV002000,7,53.333333333333336,At Risk
INV002001,9,53.0,At Risk
INV002003,7,41.333333333333336,At Risk
INV002005,7,54.5,At Risk
INV002006,8,52.57142857142857,At Risk
INV002008,10,39.22222222222222,At Risk
INV002010,8,69.28571428571429,At Risk
INV002011,9,59.75,At Risk
INV002012,7,69.16666666666667,At Risk
INV002013,8,57.57142857142857,At Risk
INV002017,9,49.25,At Risk
INV002018,11,44.1,At Risk
INV002019,8,65.0,At Risk
INV002021,7,46.166666666666664,At Risk
INV002022,7,52.0,At Risk
INV002025,7,55.833333333333336,At Risk
INV002026,6,85.4,At Risk
INV002030,8,71.71428571428571,At Risk
INV002033,11,38.9,At Risk
INV002034,12,46.0,At Risk
INV002035,11,39.0,At Risk
INV002036,12,28.0,Active
INV002037,10,37.666666666666664,At Risk
INV002038,9,52.5,At Risk
INV002039,11,46.1,At Risk
INV002040,10,50.77777777777778,At Risk
INV002041,6,52.8,At Risk
INV002042,10,46.666666666666664,At Risk
INV002044,8,53.714285714285715,At Risk
INV002045,9,60.0,At Risk
INV002049,7,66.16666666666667,At Risk
INV002051,10,43.666666666666664,At Risk
INV002052,9,33.125,Active
INV002055,8,69.0,At Risk
INV002056,7,80.66666666666667,At Risk
INV002060,7,63.833333333333336,At Risk
INV002061,7,80.5,At Risk
INV002066,6,81.8,At Risk
INV002067,9,53.375,At Risk
INV002069,11,42.8,At Risk
INV002070,11,48.8,At Risk
INV002074,6,55.4,At Risk
INV002075,6,66.2,At Risk
INV002077,6,76.2,At Risk
INV002080,9,60.0,At Risk
INV002083,11,46.5,At Risk
INV002085,7,54.166666666666664,At Risk
INV002087,6,70.6,At Risk
INV002088,8,68.28571428571429,At Risk
INV002090,10,53.55555555555556,At Risk
INV002092,10,38.111111111111114,At Risk
INV002093,8,36.57142857142857,At Risk
INV002095,11,43.5,At Risk
INV002096,6,63.8,At Risk
INV002098,9,51.625,At Risk
INV002099,8,71.28571428571429,At Risk
INV002101,12,38.0,At Risk
INV002102,9,46.875,At Risk
INV002104,10,44.77777777777778,At Risk
INV002107,10,55.333333333333336,At Risk
INV002109,8,25.857142857142858,Active
INV002110,7,46.333333333333336,At Risk
INV002111,12,42.27272727272727,At Risk
INV002112,9,49.125,At Risk
INV002113,6,80.8,At Risk
INV002114,8,48.714285714285715,At Risk
INV002115,8,65.71428571428571,At Risk
INV002116,10,30.11111111111111,Active
INV002117,8,63.857142857142854,At Risk
INV002119,10,47.44444444444444,At Risk
INV002121,9,51.375,At Risk
INV002122,8,45.142857142857146,At Risk
INV002123,7,67.0,At Risk
INV002124,10,52.111111111111114,At Risk
INV002125,6,36.0,At Risk
INV002126,7,71.0,At Risk
INV002127,8,47.0,At Risk
INV002128,6,87.6,At Risk
INV002130,6,62.6,At Risk
INV002131,8,65.85714285714286,At Risk
INV002133,6,89.8,At Risk
INV002134,12,45.09090909090909,At Risk
INV002135,10,55.77777777777778,At Risk
INV002137,10,31.666666666666668,Active
INV002138,8,65.57142857142857,At Risk
INV002139,8,66.71428571428571,At Risk
INV002141,7,44.833333333333336,At Risk
INV002142,10,52.44444444444444,At Risk
INV002143,12,40.45454545454545,At Risk
INV002149,11,31.9,Active
INV002150,6,73.6,At Risk
INV002151,10,53.666666666666664,At Risk
INV002152,8,67.42857142857143,At Risk
INV002153,10,45.22222222222222,At Risk
INV002154,12,44.90909090909091,At Risk
INV002155,8,59.714285714285715,At Risk
INV002157,12,40.90909090909091,At Risk
INV002158,9,61.375,At Risk
INV002159,8,46.42857142857143,At Risk
INV002161,8,64.14285714285714,At Risk
INV002162,10,51.888888888888886,At Risk
INV002164,7,58.166666666666664,At Risk
INV002165,7,82.16666666666667,At Risk
INV002166,7,82.66666666666667,At Risk
INV002167,9,39.125,At Risk
INV002170,7,65.83333333333333,At Risk
INV002171,7,55.833333333333336,At Risk
INV002174,6,86.0,At Risk
INV002176,7,81.33333333333333,At Risk
INV002177,11,43.8,At Risk
INV002178,11,46.5,At Risk
INV002179,11,42.3,At Risk
INV002181,6,72.2,At Risk
INV002182,12,40.09090909090909,At Risk
INV002184,11,47.5,At Risk
INV002185,10,28.77777777777778,Active
INV002186,10,49.888888888888886,At Risk
INV002187,12,44.18181818181818,At Risk
INV002188,9,28.5,Active
INV002189,12,43.63636363636363,At Risk
INV002192,10,40.666666666666664,At Risk
INV002195,10,48.77777777777778,At Risk
INV002196,10,56.666666666666664,At Risk
INV002198,12,33.63636363636363,Active
INV002199,9,38.125,At Risk
INV002200,6,83.6,At Risk
INV002201,10,44.44444444444444,At Risk
INV002202,10,54.77777777777778,At Risk
INV002205,6,87.4,At Risk
INV002206,11,43.8,At Risk
INV002207,7,73.0,At Risk
INV002208,11,42.8,At Risk
INV002211,10,42.55555555555556,At Risk
INV002212,8,58.42857142857143,At Risk
INV002213,9,36.625,At Risk
INV002214,12,42.09090909090909,At Risk
INV002215,10,53.888888888888886,At Risk
INV002216,10,48.0,At Risk
INV002218,8,52.57142857142857,At Risk
INV002219,11,49.9,At Risk
INV002220,11,31.3,Active
INV002223,6,82.6,At Risk
INV002228,9,42.875,At Risk
INV002229,10,44.666666666666664,At Risk
INV002230,11,43.4,At Risk
INV002232,12,38.54545454545455,At Risk
INV002234,8,47.42857142857143,At Risk
INV002235,7,69.83333333333333,At Risk
INV002236,9,55.25,At Risk
INV002237,10,41.77777777777778,At Risk
INV002238,7,78.66666666666667,At Risk
INV002239,7,75.5,At Risk
INV002240,12,42.45454545454545,At Risk
INV002241,11,47.8,At Risk
INV002244,10,50.55555555555556,At Risk
INV002245,12,37.27272727272727,At Risk
INV002248,7,47.166666666666664,At Risk
INV002249,10,31.444444444444443,Active
INV002250,12,44.36363636363637,At Risk
INV002251,7,52.166666666666664,At Risk
INV002252,11,35.9,At Risk
INV002256,6,75.6,At Risk
INV002258,8,54.0,At Risk
INV002259,11,39.6,At Risk
INV002260,11,44.1,At Risk
INV002261,8,46.857142857142854,At Risk
INV002262,8,29.0,Active
INV002264,8,53.857142857142854,At Risk
INV002265,10,46.0,At Risk
INV002267,10,51.77777777777778,At Risk
INV002270,11,44.6,At Risk
INV002271,6,47.0,At Risk
INV002274,10,46.55555555555556,At Risk
INV002275,10,43.666666666666664,At Risk
INV002276,10,46.55555555555556,At Risk
INV002277,12,38.45454545454545,At Risk
INV002280,10,51.111111111111114,At Risk
INV002281,6,96.6,At Risk
INV002282,12,30.272727272727273,Active
INV002284,12,40.72727272727273,At Risk
INV002286,8,55.285714285714285,At Risk
INV002287,6,50.2,At Risk
INV002290,10,37.44444444444444,At Risk
INV002292,11,39.9,At Risk
INV002294,10,42.888888888888886,At Risk
INV002295,12,42.72727272727273,At Risk
INV002298,9,44.375,At Risk
INV002299,7,53.5,At Risk
INV002302,9,39.25,At Risk
INV002304,12,34.81818181818182,Active
INV002306,8,69.57142857142857,At Risk
INV002307,6,68.4,At Risk
INV002308,11,40.2,At Risk
INV002310,6,58.2,At Risk
INV002311,11,46.8,At Risk
INV002315,12,39.18181818181818,At Risk
INV002319,11,36.0,At Risk
INV002322,9,39.625,At Risk
INV002323,7,56.5,At Risk
INV002324,8,40.142857142857146,At Risk
INV002326,10,45.888888888888886,At Risk
INV002327,11,45.5,At Risk
INV002328,7,68.5,At Risk
INV002329,12,35.90909090909091,At Risk
INV002332,8,60.142857142857146,At Risk
INV002333,6,72.4,At Risk
INV002338,7,82.83333333333333,At Risk
INV002339,6,61.2,At Risk
INV002341,6,47.4,At Risk
INV002342,9,49.5,At Risk
INV002343,12,42.0,At Risk
INV002344,8,62.57142857142857,At Risk
INV002345,8,49.142857142857146,At Risk
INV002346,6,86.6,At Risk
INV002347,9,40.5,At Risk
INV002348,12,44.27272727272727,At Risk
INV002349,10,42.888888888888886,At Risk
INV002350,10,53.666666666666664,At Risk
INV002351,12,43.09090909090909,At Risk
INV002353,9,51.75,At Risk
INV002357,12,39.09090909090909,At Risk
INV002360,12,40.81818181818182,At Risk
INV002361,10,49.888888888888886,At Risk
INV002363,9,59.125,At Risk
INV002364,8,54.0,At Risk
INV002365,10,51.333333333333336,At Risk
INV002367,8,51.285714285714285,At Risk
INV002368,12,33.36363636363637,Active
INV002369,10,52.55555555555556,At Risk
INV002370,8,60.142857142857146,At Risk
INV002372,9,59.5,At Risk
INV002373,12,44.63636363636363,At Risk
INV002374,11,39.9,At Risk
INV002378,6,67.2,At Risk
INV002381,6,77.2,At Risk
INV002382,8,38.57142857142857,At Risk
INV002384,12,36.36363636363637,At Risk
INV002387,10,57.0,At Risk
INV002388,9,43.875,At Risk
INV002389,12,41.54545454545455,At Risk
INV002390,7,71.33333333333333,At Risk
INV002391,10,23.666666666666668,Active
INV002392,6,82.0,At Risk
INV002393,9,49.75,At Risk
INV002394,7,53.833333333333336,At Risk
INV002395,6,97.0,At Risk
INV002397,7,51.666666666666664,At Risk
INV002399,12,40.36363636363637,At Risk
INV002400,12,44.45454545454545,At Risk
INV002401,11,41.4,At Risk
INV002402,10,47.44444444444444,At Risk
INV002407,10,46.333333333333336,At Risk
INV002409,12,35.36363636363637,At Risk
INV002412,7,75.5,At Risk
INV002413,11,41.1,At Risk
INV002414,7,84.5,At Risk
INV002415,11,40.2,At Risk
INV002416,9,62.25,At Risk
INV002417,10,55.55555555555556,At Risk
INV002418,8,65.42857142857143,At Risk
INV002420,12,43.0,At Risk
INV002422,12,41.18181818181818,At Risk
INV002424,6,53.0,At Risk
INV002426,6,68.2,At Risk
INV002427,9,32.5,Active
INV002429,8,56.142857142857146,At Risk
INV002430,11,46.0,At Risk
INV002431,8,66.0,At Risk
INV002434,7,73.5,At Risk
INV002437,10,32.77777777777778,Active
INV002440,6,74.6,At Risk
INV002444,8,34.142857142857146,Active
INV002445,11,34.9,Active
INV002446,6,83.8,At Risk
INV002452,7,47.166666666666664,At Risk
INV002453,11,37.8,At Risk
INV002454,7,46.333333333333336,At Risk
INV002458,11,36.2,At Risk
INV002459,12,42.18181818181818,At Risk
INV002461,6,87.8,At Risk
INV002463,7,79.5,At Risk
INV002464,7,33.0,Active
INV002466,12,44.0,At Risk
INV002467,10,42.55555555555556,At Risk
INV002468,7,55.166666666666664,At Risk
INV002469,10,41.888888888888886,At Risk
INV002471,11,34.9,Active
INV002472,10,47.111111111111114,At Risk
INV002473,8,62.0,At Risk
INV002475,11,44.7,At Risk
INV002476,9,53.75,At Risk
INV002483,8,61.285714285714285,At Risk
INV002485,12,33.72727272727273,Active
INV002486,9,47.5,At Risk
INV002488,7,58.333333333333336,At Risk
INV002490,10,54.44444444444444,At Risk
INV002495,10,51.333333333333336,At Risk
INV002496,7,44.166666666666664,At Risk
INV002497,12,42.81818181818182,At Risk
INV002499,8,56.42857142857143,At Risk
INV002500,12,43.18181818181818,At Risk
INV002502,7,77.0,At Risk
INV002503,9,47.5,At Risk
INV002504,10,53.0,At Risk
INV002506,8,55.0,At Risk
INV002507,6,83.2,At Risk
INV002508,9,51.625,At Risk
INV002509,12,29.0,Active
INV002510,12,45.45454545454545,At Risk
INV002520,12,43.09090909090909,At Risk
INV002521,8,56.42857142857143,At Risk
INV002523,12,45.63636363636363,At Risk
INV002526,11,42.1,At Risk
INV002527,11,29.8,Active
INV002528,6,74.4,At Risk
INV002529,6,81.6,At Risk
INV002530,9,62.5,At Risk
INV002531,10,50.888888888888886,At Risk
INV002533,7,60.666666666666664,At Risk
INV002535,11,36.1,At Risk
INV002536,6,71.8,At Risk
INV002540,6,67.6,At Risk
INV002542,9,57.75,At Risk
INV002543,12,40.72727272727273,At Risk
INV002546,10,55.888888888888886,At Risk
INV002547,10,49.44444444444444,At Risk
INV002548,7,79.83333333333333,At Risk
INV002549,9,60.125,At Risk
INV002551,8,59.42857142857143,At Risk
INV002552,12,39.45454545454545,At Risk
INV002553,12,34.0,Active
INV002554,8,68.57142857142857,At Risk
INV002555,10,53.77777777777778,At Risk
INV002556,6,72.6,At Risk
INV002557,9,50.375,At Risk
INV002558,11,48.8,At Risk
INV002560,7,79.33333333333333,At Risk
INV002563,10,52.666666666666664,At Risk
INV002565,10,55.333333333333336,At Risk
INV002566,8,61.285714285714285,At Risk
INV002567,11,46.9,At Risk
INV002568,9,53.875,At Risk
INV002570,12,37.09090909090909,At Risk
INV002571,8,63.857142857142854,At Risk
INV002572,11,44.7,At Risk
INV002574,12,43.72727272727273,At Risk
INV002575,11,44.9,At Risk
INV002576,8,40.42857142857143,At Risk
INV002579,7,34.0,Active
INV002582,10,43.0,At Risk
INV002583,7,65.33333333333333,At Risk
INV002585,12,42.72727272727273,At Risk
INV002586,7,72.66666666666667,At Risk
INV002587,6,75.0,At Risk
INV002588,9,53.375,At Risk
INV002590,12,42.54545454545455,At Risk
INV002591,8,48.142857142857146,At Risk
INV002592,6,94.8,At Risk
INV002594,10,55.44444444444444,At Risk
INV002597,6,84.0,At Risk
INV002598,11,41.1,At Risk
INV002599,7,73.66666666666667,At Risk
INV002602,12,42.0,At Risk
INV002603,6,68.2,At Risk
INV002604,6,79.2,At Risk
INV002606,9,56.0,At Risk
INV002607,6,61.8,At Risk
INV002611,6,97.2,At Risk
INV002613,12,44.54545454545455,At Risk
INV002619,6,71.6,At Risk
INV002621,6,73.0,At Risk
INV002622,11,48.6,At Risk
INV002625,6,78.4,At Risk
INV002626,6,78.6,At Risk
INV002627,8,60.714285714285715,At Risk
INV002628,9,53.25,At Risk
INV002630,8,53.0,At Risk
INV002631,8,58.285714285714285,At Risk
INV002632,11,45.9,At Risk
INV002633,12,40.81818181818182,At Risk
INV002634,7,23.333333333333332,Active
INV002635,10,48.888888888888886,At Risk
INV002637,6,76.6,At Risk
INV002639,7,30.666666666666668,Active
INV002640,12,38.18181818181818,At Risk
INV002641,8,59.57142857142857,At Risk
INV002642,10,48.111111111111114,At Risk
INV002643,9,55.25,At Risk
INV002645,11,40.1,At Risk
INV002647,7,76.0,At Risk
INV002648,7,77.33333333333333,At Risk
INV002652,9,48.75,At Risk
INV002654,11,43.3,At Risk
INV002656,10,51.333333333333336,At Risk
INV002658,6,100.8,At Risk
INV002659,10,49.666666666666664,At Risk
INV002664,6,57.2,At Risk
INV002666,11,43.7,At Risk
INV002668,12,43.45454545454545,At Risk
INV002671,12,43.63636363636363,At Risk
INV002673,10,50.55555555555556,At Risk
INV002674,12,37.45454545454545,At Risk
INV002675,12,40.63636363636363,At Risk
INV002679,8,65.71428571428571,At Risk
INV002681,7,83.66666666666667,At Risk
INV002682,10,40.44444444444444,At Risk
INV002684,11,43.3,At Risk
INV002685,6,96.4,At Risk
INV002687,8,45.714285714285715,At Risk
INV002688,10,32.888888888888886,Active
INV002689,11,35.0,Active
INV002692,9,56.875,At Risk
INV002693,12,32.45454545454545,Active
INV002696,11,43.7,At Risk
INV002697,9,51.875,At Risk
INV002698,11,31.5,Active
INV002700,9,59.875,At Risk
INV002702,10,49.0,At Risk
INV002704,12,37.63636363636363,At Risk
INV002705,12,22.363636363636363,Active
INV002706,11,47.3,At Risk
INV002707,11,38.9,At Risk
INV002708,12,43.81818181818182,At Risk
INV002711,9,57.375,At Risk
INV002712,12,42.54545454545455,At Risk
INV002716,6,99.8,At Risk
INV002718,7,66.83333333333333,At Risk
INV002722,10,47.77777777777778,At Risk
INV002723,9,37.75,At Risk
INV002724,12,34.81818181818182,Active
INV002725,6,93.0,At Risk
INV002726,12,29.90909090909091,Active
INV002727,8,70.28571428571429,At Risk
INV002729,8,64.71428571428571,At Risk
INV002732,11,49.5,At Risk
INV002733,10,54.111111111111114,At Risk
INV002734,6,80.8,At Risk
INV002735,12,43.18181818181818,At Risk
INV002736,11,42.9,At Risk
INV002737,12,38.81818181818182,At Risk
INV002740,7,79.0,At Risk
INV002743,8,63.0,At Risk
INV002744,10,52.888888888888886,At Risk
INV002745,6,97.2,At Risk
INV002746,11,47.6,At Risk
INV002747,7,78.33333333333333,At Risk
INV002748,7,70.83333333333333,At Risk
INV002750,9,52.625,At Risk
INV002751,10,48.666666666666664,At Risk
INV002752,9,42.375,At Risk
INV002753,11,37.2,At Risk
INV002754,6,93.2,At Risk
INV002758,9,56.75,At Risk
INV002759,7,82.0,At Risk
INV002761,12,44.0,At Risk
INV002762,9,46.25,At Risk
INV002764,8,53.285714285714285,At Risk
INV002765,8,66.57142857142857,At Risk
INV002766,12,33.63636363636363,Active
INV002767,9,46.625,At Risk
INV002769,11,49.2,At Risk
INV002772,10,49.666666666666664,At Risk
INV002774,7,76.0,At Risk
INV002775,9,37.5,At Risk
INV002776,6,72.4,At Risk
INV002779,11,45.9,At Risk
INV002783,12,44.63636363636363,At Risk
INV002784,9,34.75,Active
INV002785,6,91.6,At Risk
INV002786,11,49.8,At Risk
INV002787,8,56.714285714285715,At Risk
INV002788,10,50.666666666666664,At Risk
INV002793,8,50.857142857142854,At Risk
INV002794,10,39.55555555555556,At Risk
INV002796,7,68.83333333333333,At Risk
INV002798,7,74.66666666666667,At Risk
INV002799,9,55.125,At Risk
INV002800,8,54.42857142857143,At Risk
INV002801,7,80.83333333333333,At Risk
INV002802,7,46.333333333333336,At Risk
INV002803,11,39.1,At Risk
INV002804,10,46.55555555555556,At Risk
INV002808,9,45.875,At Risk
INV002809,6,81.4,At Risk
INV002810,10,25.11111111111111,Active
INV002811,8,54.857142857142854,At Risk
INV002813,9,36.75,At Risk
INV002819,7,31.166666666666668,Active
INV002822,11,46.3,At Risk
INV002824,12,42.27272727272727,At Risk
INV002826,9,57.25,At Risk
INV002827,9,49.125,At Risk
INV002828,12,42.18181818181818,At Risk
INV002830,6,88.2,At Risk
INV002831,8,54.142857142857146,At Risk
INV002832,10,50.0,At Risk
INV002834,10,52.888888888888886,At Risk
INV002835,7,82.33333333333333,At Risk
INV002838,10,48.888888888888886,At Risk
INV002841,12,19.727272727272727,Active
INV002843,12,44.36363636363637,At Risk
INV002847,11,47.4,At Risk
INV002849,7,28.166666666666668,Active
INV002850,12,36.72727272727273,At Risk
INV002852,10,43.22222222222222,At Risk
INV002856,6,79.8,At Risk
INV002859,10,51.0,At Risk
INV002861,10,53.888888888888886,At Risk
INV002862,8,65.42857142857143,At Risk
INV002863,9,58.75,At Risk
INV002864,10,48.55555555555556,At Risk
INV002865,10,32.77777777777778,Active
INV002867,6,89.0,At Risk
INV002868,9,43.75,At Risk
INV002869,8,64.14285714285714,At Risk
INV002870,12,45.0,At Risk
INV002872,6,85.6,At Risk
INV002873,9,62.25,At Risk
INV002874,6,96.4,At Risk
INV002877,6,51.8,At Risk
INV002879,11,43.6,At Risk
INV002881,9,40.5,At Risk
INV002883,11,48.0,At Risk
INV002886,12,44.18181818181818,At Risk
INV002888,7,68.0,At Risk
INV002890,10,45.0,At Risk
INV002891,10,56.55555555555556,At Risk
INV002893,11,42.8,At Risk
INV002894,6,90.0,At Risk
INV002896,6,63.6,At Risk
INV002897,8,57.285714285714285,At Risk
INV002899,6,89.6,At Risk
INV002900,7,65.5,At Risk
INV002903,9,56.0,At Risk
INV002904,10,47.888888888888886,At Risk
INV002905,11,42.9,At Risk
INV002906,8,48.714285714285715,At Risk
INV002909,8,70.57142857142857,At Risk
INV002911,10,51.111111111111114,At Risk
INV002912,12,45.72727272727273,At Risk
INV002913,11,47.1,At Risk
INV002914,6,89.2,At Risk
INV002915,9,43.125,At Risk
INV002921,9,51.0,At Risk
INV002924,7,26.833333333333332,Active
INV002926,6,88.6,At Risk
INV002927,11,47.3,At Risk
INV002928,10,46.77777777777778,At Risk
INV002929,9,59.5,At Risk
INV002931,9,59.0,At Risk
INV002932,9,44.875,At Risk
INV002933,12,31.272727272727273,Active
INV002934,10,34.666666666666664,Active
INV002935,9,50.875,At Risk
INV002937,10,44.77777777777778,At Risk
INV002939,12,35.54545454545455,At Risk
INV002940,7,74.5,At Risk
INV002941,8,47.285714285714285,At Risk
INV002942,12,41.54545454545455,At Risk
INV002943,8,61.42857142857143,At Risk
INV002944,6,70.2,At Risk
INV002945,10,50.55555555555556,At Risk
INV002947,10,50.44444444444444,At Risk
INV002948,7,66.0,At Risk
INV002950,12,41.27272727272727,At Risk
INV002951,10,40.666666666666664,At Risk
INV002954,10,45.666666666666664,At Risk
INV002956,9,55.75,At Risk
INV002957,7,76.5,At Risk
INV002961,9,63.5,At Risk
INV002964,7,52.5,At Risk
INV002966,9,47.625,At Risk
INV002969,10,24.88888888888889,Active
INV002973,6,48.2,At Risk
INV002974,12,36.63636363636363,At Risk
INV002978,6,78.0,At Risk
INV002979,7,64.5,At Risk
INV002980,6,68.2,At Risk
INV002982,6,71.8,At Risk
INV002983,7,68.16666666666667,At Risk
INV002984,10,53.111111111111114,At Risk
INV002985,6,49.0,At Risk
INV002989,11,43.3,At Risk
INV002992,6,71.6,At Risk
INV002993,9,57.625,At Risk
INV002994,9,44.125,At Risk
INV002996,12,43.27272727272727,At Risk
INV002997,8,54.857142857142854,At Risk
INV003000,7,67.0,At Risk
INV003002,8,63.42857142857143,At Risk
INV003003,11,46.6,At Risk
INV003004,8,66.85714285714286,At Risk
INV003005,11,37.2,At Risk
INV003007,12,42.09090909090909,At Risk
INV003008,8,54.714285714285715,At Risk
INV003009,12,27.727272727272727,Active
INV003010,7,77.0,At Risk
INV003011,10,48.77777777777778,At Risk
INV003012,6,46.6,At Risk
INV003014,7,68.66666666666667,At Risk
INV003015,11,45.6,At Risk
INV003016,6,96.6,At Risk
INV003017,7,73.16666666666667,At Risk
INV003018,7,41.833333333333336,At Risk
INV003021,8,68.85714285714286,At Risk
INV003022,12,39.09090909090909,At Risk
INV003024,11,26.7,Active
INV003025,11,29.8,Active
INV003027,8,71.0,At Risk
INV003028,10,53.666666666666664,At Risk
INV003031,8,62.57142857142857,At Risk
INV003033,11,47.8,At Risk
INV003034,7,61.333333333333336,At Risk
INV003036,10,50.22222222222222,At Risk
INV003037,12,43.36363636363637,At Risk
INV003040,10,41.333333333333336,At Risk
INV003041,11,47.3,At Risk
INV003043,11,44.3,At Risk
INV003044,9,53.375,At Risk
INV003045,11,47.0,At Risk
INV003047,12,44.63636363636363,At Risk
INV003048,6,71.0,At Risk
INV003049,9,54.375,At Risk
INV003054,11,47.2,At Risk
INV003055,8,68.28571428571429,At Risk
INV003057,10,53.666666666666664,At Risk
INV003058,10,42.22222222222222,At Risk
INV003060,12,43.09090909090909,At Risk
INV003061,8,59.57142857142857,At Risk
INV003063,9,43.375,At Risk
INV003065,9,48.75,At Risk
INV003068,6,74.0,At Risk
INV003069,8,46.142857142857146,At Risk
INV003070,12,39.63636363636363,At Risk
INV003073,9,42.875,At Risk
INV003074,11,46.3,At Risk
INV003075,11,40.2,At Risk
INV003077,9,60.5,At Risk
INV003078,9,60.625,At Risk
INV003079,7,59.666666666666664,At Risk
INV003082,10,36.111111111111114,At Risk
INV003083,11,38.1,At Risk
INV003086,7,50.0,At Risk
INV003089,8,58.0,At Risk
INV003091,11,40.7,At Risk
INV003095,12,41.09090909090909,At Risk
INV003097,12,39.90909090909091,At Risk
INV003099,6,76.8,At Risk
INV003100,8,59.285714285714285,At Risk
INV003101,7,74.66666666666667,At Risk
INV003102,10,48.888888888888886,At Risk
INV003105,12,38.54545454545455,At Risk
INV003110,8,52.142857142857146,At Risk
INV003111,10,43.55555555555556,At Risk
INV003112,7,76.33333333333333,At Risk
INV003113,11,49.0,At Risk
INV003115,7,40.0,At Risk
INV003116,6,47.6,At Risk
INV003117,12,42.36363636363637,At Risk
INV003119,8,59.57142857142857,At Risk
INV003120,7,61.666666666666664,At Risk
INV003121,12,33.18181818181818,Active
INV003123,9,58.375,At Risk
INV003124,12,39.0,At Risk
INV003125,7,68.33333333333333,At Risk
INV003128,7,61.333333333333336,At Risk
INV003129,6,74.4,At Risk
INV003130,7,51.333333333333336,At Risk
INV003134,12,42.09090909090909,At Risk
INV003139,12,30.09090909090909,Active
INV003140,12,36.27272727272727,At Risk
INV003141,11,40.5,At Risk
INV003144,11,49.5,At Risk
INV003146,12,45.0,At Risk
INV003150,8,69.42857142857143,At Risk
INV003151,9,50.625,At Risk
INV003153,9,44.625,At Risk
INV003158,10,51.0,At Risk
INV003159,6,62.4,At Risk
INV003160,9,61.625,At Risk
INV003161,10,49.888888888888886,At Risk
INV003165,7,79.5,At Risk
INV003166,6,88.6,At Risk
INV003167,6,66.8,At Risk
INV003168,9,62.125,At Risk
INV003169,9,53.625,At Risk
INV003171,8,66.71428571428571,At Risk
INV003173,11,46.4,At Risk
INV003174,8,50.142857142857146,At Risk
INV003176,6,78.4,At Risk
INV003178,9,41.0,At Risk
INV003179,11,45.0,At Risk
INV003184,6,93.6,At Risk
INV003185,8,56.857142857142854,At Risk
INV003187,9,58.25,At Risk
INV003188,8,63.857142857142854,At Risk
INV003189,12,41.81818181818182,At Risk
INV003190,6,77.2,At Risk
INV003191,12,42.63636363636363,At Risk
INV003192,12,37.27272727272727,At Risk
INV003193,11,48.3,At Risk
INV003194,6,79.6,At Risk
INV003196,8,68.85714285714286,At Risk
INV003200,9,61.25,At Risk
INV003201,8,62.42857142857143,At Risk
INV003202,7,61.5,At Risk
INV003203,9,53.625,At Risk
INV003205,12,38.63636363636363,At Risk
INV003206,8,66.85714285714286,At Risk
INV003208,6,97.0,At Risk
INV003209,8,55.714285714285715,At Risk
INV003210,8,51.57142857142857,At Risk
INV003211,11,45.9,At Risk
INV003212,7,61.5,At Risk
INV003214,9,46.75,At Risk
INV003215,11,45.1,At Risk
INV003218,7,70.33333333333333,At Risk
INV003219,11,32.9,Active
INV003220,10,38.44444444444444,At Risk
INV003221,12,33.36363636363637,Active
INV003222,10,54.333333333333336,At Risk
INV003223,9,59.25,At Risk
INV003224,7,51.166666666666664,At Risk
INV003225,9,59.0,At Risk
INV003226,7,63.166666666666664,At Risk
INV003227,9,61.75,At Risk
INV003228,9,52.625,At Risk
INV003230,12,40.09090909090909,At Risk
INV003231,10,55.333333333333336,At Risk
INV003232,11,41.8,At Risk
INV003234,9,60.375,At Risk
INV003235,8,66.0,At Risk
INV003236,11,48.3,At Risk
INV003237,6,70.2,At Risk
INV003238,10,51.333333333333336,At Risk
INV003240,6,81.4,At Risk
INV003242,11,46.7,At Risk
INV003243,6,56.6,At Risk
INV003244,6,64.6,At Risk
INV003247,11,42.3,At Risk
INV003248,9,58.875,At Risk
INV003250,11,47.9,At Risk
INV003252,6,67.6,At Risk
INV003253,6,60.0,At Risk
INV003254,6,37.0,At Risk
INV003256,10,38.0,At Risk
INV003257,9,42.0,At Risk
INV003258,12,45.18181818181818,At Risk
INV003260,9,55.875,At Risk
INV003262,9,53.25,At Risk
INV003263,7,81.16666666666667,At Risk
INV003264,8,57.42857142857143,At Risk
INV003267,9,53.125,At Risk
INV003269,6,55.8,At Risk
INV003270,8,27.857142857142858,Active
INV003271,10,40.77777777777778,At Risk
INV003273,10,47.77777777777778,At Risk
INV003276,7,40.333333333333336,At Risk
INV003277,11,45.4,At Risk
INV003279,10,56.333333333333336,At Risk
INV003287,12,41.72727272727273,At Risk
INV003288,12,44.54545454545455,At Risk
INV003289,12,37.0,At Risk
INV003291,9,49.0,At Risk
INV003294,8,54.0,At Risk
INV003295,8,59.42857142857143,At Risk
INV003296,7,42.0,At Risk
INV003297,10,43.22222222222222,At Risk
INV003298,11,40.1,At Risk
INV003300,7,54.0,At Risk
INV003301,10,52.77777777777778,At Risk
INV003304,12,36.18181818181818,At Risk
INV003306,9,58.875,At Risk
INV003308,11,45.4,At Risk
INV003310,11,42.4,At Risk
INV003311,12,40.0,At Risk
INV003313,6,61.4,At Risk
INV003314,9,55.125,At Risk
INV003315,6,77.4,At Risk
INV003317,12,37.27272727272727,At Risk
INV003320,12,34.54545454545455,Active
INV003321,8,70.28571428571429,At Risk
INV003324,8,67.0,At Risk
INV003325,9,63.125,At Risk
INV003329,11,50.5,At Risk
INV003331,6,76.2,At Risk
INV003332,6,69.8,At Risk
INV003336,8,62.0,At Risk
INV003338,12,32.27272727272727,Active
INV003340,11,49.2,At Risk
INV003341,10,56.0,At Risk
INV003342,12,41.72727272727273,At Risk
INV003343,11,47.5,At Risk
INV003344,12,39.36363636363637,At Risk
INV003345,7,56.833333333333336,At Risk
INV003346,7,64.83333333333333,At Risk
INV003347,6,59.6,At Risk
INV003350,7,77.0,At Risk
INV003351,7,45.0,At Risk
INV003352,10,54.333333333333336,At Risk
INV003354,12,42.36363636363637,At Risk
INV003355,8,60.57142857142857,At Risk
INV003357,8,44.57142857142857,At Risk
INV003359,7,46.333333333333336,At Risk
INV003360,12,37.81818181818182,At Risk
INV003363,7,61.833333333333336,At Risk
INV003366,10,43.55555555555556,At Risk
INV003369,6,78.6,At Risk
INV003370,8,54.285714285714285,At Risk
INV003372,10,33.0,Active
INV003373,12,45.45454545454545,At Risk
INV003374,9,57.625,At Risk
INV003375,10,51.333333333333336,At Risk
INV003376,11,47.8,At Risk
INV003377,7,71.5,At Risk
INV003379,12,41.0,At Risk
INV003380,11,42.7,At Risk
INV003381,12,37.72727272727273,At Risk
INV003382,11,39.0,At Risk
INV003387,9,52.125,At Risk
INV003388,12,39.09090909090909,At Risk
INV003389,8,54.857142857142854,At Risk
INV003391,10,38.77777777777778,At Risk
INV003393,10,49.55555555555556,At Risk
INV003394,6,84.2,At Risk
INV003395,10,44.77777777777778,At Risk
INV003396,7,82.33333333333333,At Risk
INV003398,12,39.81818181818182,At Risk
INV003399,7,77.83333333333333,At Risk
INV003401,9,40.875,At Risk
INV003402,6,94.6,At Risk
INV003403,8,61.857142857142854,At Risk
INV003404,12,40.72727272727273,At Risk
INV003405,10,43.0,At Risk
INV003406,12,37.54545454545455,At Risk
INV003407,10,52.666666666666664,At Risk
INV003408,9,49.125,At Risk
INV003409,10,37.666666666666664,At Risk
INV003410,8,64.42857142857143,At Risk
INV003411,12,45.0,At Risk
INV003412,9,28.625,Active
INV003415,7,54.0,At Risk
INV003419,12,30.272727272727273,Active
INV003420,7,66.66666666666667,At Risk
INV003421,6,83.6,At Risk
INV003422,8,72.57142857142857,At Risk
INV003423,6,83.8,At Risk
INV003424,12,39.90909090909091,At Risk
INV003426,7,37.333333333333336,At Risk
INV003427,9,56.5,At Risk
INV003428,9,53.875,At Risk
INV003429,9,51.125,At Risk
INV003430,7,61.166666666666664,At Risk
INV003431,8,42.857142857142854,At Risk
INV003432,8,52.57142857142857,At Risk
INV003435,10,51.55555555555556,At Risk
INV003436,10,46.22222222222222,At Risk
INV003437,11,45.9,At Risk
INV003438,9,55.25,At Risk
INV003448,12,40.63636363636363,At Risk
INV003449,8,51.857142857142854,At Risk
INV003450,12,39.0,At Risk
INV003452,6,25.6,Active
INV003455,11,31.7,Active
INV003457,9,45.375,At Risk
INV003458,10,54.22222222222222,At Risk
INV003459,12,40.90909090909091,At Risk
INV003460,8,52.42857142857143,At Risk
INV003462,8,61.857142857142854,At Risk
INV003463,6,80.4,At Risk
INV003469,8,40.0,At Risk
INV003473,7,79.83333333333333,At Risk
INV003475,9,56.0,At Risk
INV003477,7,69.5,At Risk
INV003478,10,50.333333333333336,At Risk
INV003479,11,46.0,At Risk
INV003480,12,37.45454545454545,At Risk
INV003484,7,61.5,At Risk
INV003487,11,40.7,At Risk
INV003491,12,43.0,At Risk
INV003492,8,69.14285714285714,At Risk
INV003494,9,43.125,At Risk
INV003495,12,40.27272727272727,At Risk
INV003496,10,49.55555555555556,At Risk
INV003503,8,66.85714285714286,At Risk
INV003505,9,64.0,At Risk
INV003506,10,51.111111111111114,At Risk
INV003509,12,44.27272727272727,At Risk
INV003511,12,44.54545454545455,At Risk
INV003513,7,45.833333333333336,At Risk
INV003514,10,44.55555555555556,At Risk
INV003518,11,39.6,At Risk
INV003521,9,58.75,At Risk
INV003524,12,41.81818181818182,At Risk
INV003525,10,46.111111111111114,At Risk
INV003526,11,44.1,At Risk
INV003527,6,81.4,At Risk
INV003528,11,46.9,At Risk
INV003530,7,42.5,At Risk
INV003531,12,37.18181818181818,At Risk
INV003532,7,78.5,At Risk
INV003533,11,40.0,At Risk
INV003534,11,39.4,At Risk
INV003535,6,68.0,At Risk
INV003536,10,51.55555555555556,At Risk
INV003537,9,58.375,At Risk
INV003539,8,63.857142857142854,At Risk
INV003540,6,87.8,At Risk
INV003541,8,56.57142857142857,At Risk
INV003543,12,37.45454545454545,At Risk
INV003545,9,56.625,At Risk
INV003546,8,58.857142857142854,At Risk
INV003552,6,85.8,At Risk
INV003553,12,40.54545454545455,At Risk
INV003554,11,38.9,At Risk
INV003556,8,55.42857142857143,At Risk
INV003557,9,41.75,At Risk
INV003558,9,34.875,Active
INV003559,10,48.333333333333336,At Risk
INV003561,10,51.666666666666664,At Risk
INV003562,9,60.375,At Risk
INV003563,10,49.333333333333336,At Risk
INV003564,11,49.7,At Risk
INV003565,8,62.714285714285715,At Risk
INV003566,7,70.33333333333333,At Risk
INV003567,8,65.71428571428571,At Risk
INV003568,12,27.363636363636363,Active
INV003569,7,68.16666666666667,At Risk
INV003571,6,99.6,At Risk
INV003572,6,86.8,At Risk
INV003573,8,48.714285714285715,At Risk
INV003574,6,98.0,At Risk
INV003579,8,57.42857142857143,At Risk
INV003580,11,43.6,At Risk
INV003581,12,45.81818181818182,At Risk
INV003582,12,31.363636363636363,Active
INV003586,12,39.63636363636363,At Risk
INV003587,8,57.285714285714285,At Risk
INV003590,6,71.0,At Risk
INV003592,10,42.22222222222222,At Risk
INV003593,9,48.875,At Risk
INV003594,6,77.0,At Risk
INV003597,10,45.888888888888886,At Risk
INV003598,11,47.6,At Risk
INV003599,11,26.8,Active
INV003600,7,70.83333333333333,At Risk
INV003601,10,46.55555555555556,At Risk
INV003602,8,69.57142857142857,At Risk
INV003604,9,56.375,At Risk
INV003607,8,50.285714285714285,At Risk
INV003608,7,49.166666666666664,At Risk
INV003609,7,75.16666666666667,At Risk
INV003611,11,41.3,At Risk
INV003612,6,45.8,At Risk
INV003613,10,52.44444444444444,At Risk
INV003614,9,60.75,At Risk
INV003616,7,67.66666666666667,At Risk
INV003619,9,60.375,At Risk
INV003620,6,92.6,At Risk
INV003625,11,31.2,Active
INV003626,11,44.9,At Risk
INV003627,10,39.44444444444444,At Risk
INV003630,9,39.375,At Risk
INV003633,10,44.888888888888886,At Risk
INV003634,10,45.333333333333336,At Risk
INV003635,10,47.111111111111114,At Risk
INV003636,6,95.0,At Risk
INV003637,10,50.44444444444444,At Risk
INV003638,10,29.0,Active
INV003639,6,67.0,At Risk
INV003641,10,52.111111111111114,At Risk
INV003642,10,35.55555555555556,At Risk
INV003643,9,55.375,At Risk
INV003644,6,64.0,At Risk
INV003645,10,52.888888888888886,At Risk
INV003647,9,54.25,At Risk
INV003648,6,64.8,At Risk
INV003649,11,50.4,At Risk
INV003650,12,32.90909090909091,Active
INV003651,7,50.666666666666664,At Risk
INV003654,8,51.857142857142854,At Risk
INV003655,12,40.72727272727273,At Risk
INV003656,7,63.333333333333336,At Risk
INV003658,10,55.0,At Risk
INV003660,10,43.888888888888886,At Risk
INV003661,9,48.625,At Risk
INV003663,7,64.66666666666667,At Risk
INV003666,10,38.44444444444444,At Risk
INV003669,10,35.666666666666664,At Risk
INV003670,11,49.6,At Risk
INV003671,10,38.55555555555556,At Risk
INV003672,11,43.7,At Risk
INV003673,11,48.2,At Risk
INV003674,9,43.5,At Risk
INV003675,9,47.375,At Risk
INV003677,7,62.0,At Risk
INV003678,10,42.22222222222222,At Risk
INV003680,7,68.5,At Risk
INV003681,11,40.8,At Risk
INV003683,8,66.0,At Risk
INV003684,9,61.375,At Risk
INV003685,9,50.25,At Risk
INV003686,12,43.90909090909091,At Risk
INV003691,8,72.14285714285714,At Risk
INV003693,10,47.55555555555556,At Risk
INV003695,11,42.0,At Risk
INV003696,8,68.28571428571429,At Risk
INV003697,12,43.0,At Risk
INV003698,11,42.6,At Risk
INV003702,7,72.66666666666667,At Risk
INV003705,11,50.5,At Risk
INV003707,8,67.85714285714286,At Risk
INV003708,12,33.0,Active
INV003709,8,65.42857142857143,At Risk
INV003710,7,65.5,At Risk
INV003711,8,51.57142857142857,At Risk
INV003712,11,41.0,At Risk
INV003713,11,48.9,At Risk
INV003716,6,69.8,At Risk
INV003717,10,51.888888888888886,At Risk
INV003718,8,68.14285714285714,At Risk
INV003720,11,42.5,At Risk
INV003722,11,43.2,At Risk
INV003723,9,47.125,At Risk
INV003724,11,42.7,At Risk
INV003731,12,41.54545454545455,At Risk
INV003732,12,42.54545454545455,At Risk
INV003733,10,49.333333333333336,At Risk
INV003734,10,48.111111111111114,At Risk
INV003735,11,38.1,At Risk
INV003736,12,42.09090909090909,At Risk
INV003737,10,53.55555555555556,At Risk
INV003738,9,41.375,At Risk
INV003739,7,58.333333333333336,At Risk
INV003740,11,31.1,Active
INV003741,9,50.75,At Risk
INV003743,6,63.4,At Risk
INV003744,12,45.54545454545455,At Risk
INV003745,12,35.36363636363637,At Risk
INV003747,7,63.333333333333336,At Risk
INV003748,12,36.90909090909091,At Risk
INV003750,6,90.8,At Risk
INV003751,6,80.2,At Risk
INV003756,9,55.125,At Risk
INV003757,9,61.375,At Risk
INV003761,10,40.333333333333336,At Risk
INV003762,8,51.714285714285715,At Risk
INV003765,7,78.5,At Risk
INV003766,12,45.0,At Risk
INV003767,12,39.36363636363637,At Risk
INV003769,8,65.57142857142857,At Risk
INV003771,12,45.54545454545455,At Risk
INV003772,11,36.8,At Risk
INV003773,6,75.8,At Risk
INV003775,9,50.875,At Risk
INV003778,10,51.0,At Risk
INV003779,8,54.57142857142857,At Risk
INV003780,10,44.666666666666664,At Risk
INV003781,11,40.9,At Risk
INV003782,11,45.3,At Risk
INV003783,11,45.1,At Risk
INV003785,7,61.833333333333336,At Risk
INV003787,12,46.0,At Risk
INV003788,6,89.4,At Risk
INV003789,7,70.33333333333333,At Risk
INV003791,11,47.1,At Risk
INV003792,7,42.333333333333336,At Risk
INV003793,9,54.25,At Risk
INV003794,11,38.5,At Risk
INV003795,12,36.90909090909091,At Risk
INV003797,8,67.14285714285714,At Risk
INV003798,9,57.5,At Risk
INV003799,8,63.142857142857146,At Risk
INV003801,6,71.6,At Risk
INV003803,7,76.33333333333333,At Risk
INV003806,7,69.16666666666667,At Risk
INV003808,10,45.666666666666664,At Risk
INV003809,6,73.8,At Risk
INV003810,8,62.285714285714285,At Risk
INV003811,11,48.9,At Risk
INV003812,11,39.7,At Risk
INV003813,8,58.714285714285715,At Risk
INV003815,12,42.18181818181818,At Risk
INV003817,6,85.8,At Risk
INV003821,7,79.33333333333333,At Risk
INV003822,9,41.125,At Risk
INV003823,7,47.833333333333336,At Risk
INV003824,12,39.0,At Risk
INV003825,8,58.0,At Risk
INV003828,10,25.0,Active
INV003829,12,40.18181818181818,At Risk
INV003830,10,47.333333333333336,At Risk
INV003832,8,61.57142857142857,At Risk
INV003833,6,39.4,At Risk
INV003834,6,68.2,At Risk
INV003835,7,61.333333333333336,At Risk
INV003836,7,70.0,At Risk
INV003844,11,44.0,At Risk
INV003846,8,70.0,At Risk
INV003847,12,43.81818181818182,At Risk
INV003848,9,43.5,At Risk
INV003849,8,55.142857142857146,At Risk
INV003851,11,38.0,At Risk
INV003853,9,57.25,At Risk
INV003855,6,62.8,At Risk
INV003857,7,50.333333333333336,At Risk
INV003860,11,49.8,At Risk
INV003862,9,45.875,At Risk
INV003865,10,56.77777777777778,At Risk
INV003868,9,54.75,At Risk
INV003872,11,36.3,At Risk
INV003874,9,47.125,At Risk
INV003876,10,50.0,At Risk
INV003877,6,49.8,At Risk
INV003880,8,68.57142857142857,At Risk
INV003882,7,69.33333333333333,At Risk
INV003883,8,30.714285714285715,Active
INV003885,7,59.666666666666664,At Risk
INV003887,8,53.0,At Risk
INV003888,10,53.666666666666664,At Risk
INV003892,12,45.18181818181818,At Risk
INV003894,9,54.875,At Risk
INV003896,8,59.0,At Risk
INV003897,6,71.6,At Risk
INV003899,9,52.25,At Risk
INV003901,10,41.666666666666664,At Risk
INV003902,10,54.111111111111114,At Risk
INV003903,11,35.2,At Risk
INV003905,7,62.5,At Risk
INV003906,11,49.6,At Risk
INV003907,8,48.42857142857143,At Risk
INV003908,9,47.125,At Risk
INV003909,8,51.42857142857143,At Risk
INV003910,8,54.42857142857143,At Risk
INV003911,8,64.57142857142857,At Risk
INV003912,9,58.875,At Risk
INV003913,8,61.42857142857143,At Risk
INV003916,10,41.77777777777778,At Risk
INV003918,12,39.54545454545455,At Risk
INV003920,12,42.54545454545455,At Risk
INV003925,7,68.33333333333333,At Risk
INV003926,8,68.28571428571429,At Risk
INV003936,12,41.0,At Risk
INV003938,11,38.3,At Risk
INV003940,12,41.81818181818182,At Risk
INV003942,8,70.28571428571429,At Risk
INV003943,11,34.0,Active
INV003945,11,41.7,At Risk
INV003946,9,53.125,At Risk
INV003947,7,56.5,At Risk
INV003948,9,32.75,Active
INV003951,9,61.625,At Risk
INV003952,9,43.625,At Risk
INV003957,11,50.0,At Risk
INV003958,12,42.81818181818182,At Risk
INV003960,6,76.0,At Risk
INV003961,11,47.3,At Risk
INV003962,11,48.1,At Risk
INV003964,12,41.90909090909091,At Risk
INV003967,7,63.5,At Risk
INV003968,10,51.333333333333336,At Risk
INV003970,10,48.111111111111114,At Risk
INV003972,9,52.625,At Risk
INV003973,9,52.0,At Risk
INV003974,12,44.54545454545455,At Risk
INV003975,11,41.6,At Risk
INV003977,8,61.714285714285715,At Risk
INV003978,10,53.0,At Risk
INV003979,12,35.63636363636363,At Risk
INV003981,10,45.111111111111114,At Risk
INV003982,7,62.166666666666664,At Risk
INV003985,7,77.5,At Risk
INV003986,7,61.166666666666664,At Risk
INV003987,9,52.0,At Risk
INV003989,9,50.875,At Risk
INV003992,6,84.6,At Risk
INV003995,6,50.6,At Risk
INV003996,9,59.5,At Risk
INV003997,8,59.857142857142854,At Risk
INV004001,10,33.22222222222222,Active
INV004003,9,43.375,At Risk
INV004004,12,34.18181818181818,Active
INV004005,11,49.9,At Risk
INV004006,10,29.555555555555557,Active
INV004007,9,46.25,At Risk
INV004009,10,49.666666666666664,At Risk
INV004011,7,70.33333333333333,At Risk
INV004014,11,49.5,At Risk
INV004015,11,47.1,At Risk
INV004017,11,31.3,Active
INV004018,7,80.33333333333333,At Risk
INV004019,8,69.85714285714286,At Risk
INV004023,10,52.0,At Risk
INV004024,12,36.09090909090909,At Risk
INV004025,6,62.2,At Risk
INV004026,7,63.0,At Risk
INV004028,10,45.22222222222222,At Risk
INV004030,8,70.14285714285714,At Risk
INV004032,8,55.57142857142857,At Risk
INV004033,9,56.25,At Risk
INV004036,6,61.6,At Risk
INV004037,8,53.285714285714285,At Risk
INV004038,12,44.27272727272727,At Risk
INV004040,7,72.0,At Risk
INV004044,6,80.6,At Risk
INV004045,7,45.5,At Risk
INV004049,11,32.3,Active
INV004050,8,56.0,At Risk
INV004051,10,48.666666666666664,At Risk
INV004052,7,80.66666666666667,At Risk
INV004058,6,83.8,At Risk
INV004063,12,36.0,At Risk
INV004064,12,41.63636363636363,At Risk
INV004066,10,50.111111111111114,At Risk
INV004067,8,53.0,At Risk
INV004069,9,48.5,At Risk
INV004070,12,36.90909090909091,At Risk
INV004071,6,75.2,At Risk
INV004073,7,62.5,At Risk
INV004075,7,69.5,At Risk
INV004076,6,76.2,At Risk
INV004078,9,53.375,At Risk
INV004079,10,50.666666666666664,At Risk
INV004080,8,62.714285714285715,At Risk
INV004084,7,51.166666666666664,At Risk
INV004085,10,51.666666666666664,At Risk
INV004089,9,49.25,At Risk
INV004091,11,41.4,At Risk
INV004094,8,66.0,At Risk
INV004096,11,48.5,At Risk
INV004098,8,41.57142857142857,At Risk
INV004099,10,38.111111111111114,At Risk
INV004100,11,38.9,At Risk
INV004102,7,79.83333333333333,At Risk
INV004104,9,53.125,At Risk
INV004106,6,55.8,At Risk
INV004108,7,52.5,At Risk
INV004109,7,68.33333333333333,At Risk
INV004110,7,66.0,At Risk
INV004112,9,34.5,Active
INV004114,7,31.5,Active
INV004116,11,49.4,At Risk
INV004117,6,20.2,Active
INV004118,9,49.875,At Risk
INV004119,8,64.0,At Risk
INV004123,6,85.0,At Risk
INV004124,10,43.888888888888886,At Risk
INV004125,12,44.81818181818182,At Risk
INV004127,9,63.25,At Risk
INV004128,12,45.0,At Risk
INV004130,7,65.66666666666667,At Risk
INV004131,7,65.5,At Risk
INV004132,6,78.2,At Risk
INV004134,8,39.285714285714285,At Risk
INV004135,12,41.0,At Risk
INV004137,10,19.444444444444443,Active
INV004138,10,48.44444444444444,At Risk
INV004140,8,68.57142857142857,At Risk
INV004142,9,60.5,At Risk
INV004143,10,53.888888888888886,At Risk
INV004145,11,33.1,Active
INV004146,10,49.0,At Risk
INV004147,7,61.0,At Risk
INV004148,9,50.875,At Risk
INV004149,7,61.5,At Risk
INV004151,12,45.09090909090909,At Risk
INV004152,7,60.833333333333336,At Risk
INV004153,11,42.0,At Risk
INV004154,12,46.72727272727273,At Risk
INV004161,6,88.8,At Risk
INV004163,7,46.5,At Risk
INV004165,7,69.33333333333333,At Risk
INV004172,10,49.0,At Risk
INV004173,8,71.28571428571429,At Risk
INV004174,9,60.5,At Risk
INV004175,8,67.85714285714286,At Risk
INV004177,10,35.333333333333336,At Risk
INV004179,10,39.55555555555556,At Risk
INV004181,8,66.71428571428571,At Risk
INV004184,10,40.22222222222222,At Risk
INV004185,6,49.8,At Risk
INV004190,6,72.6,At Risk
INV004191,11,48.7,At Risk
INV004196,10,52.22222222222222,At Risk
INV004199,7,48.5,At Risk
INV004201,7,43.166666666666664,At Risk
INV004202,9,47.625,At Risk
INV004203,10,51.77777777777778,At Risk
INV004204,7,72.0,At Risk
INV004205,9,51.5,At Risk
INV004208,9,45.875,At Risk
INV004210,6,48.8,At Risk
INV004212,9,52.0,At Risk
INV004216,8,70.28571428571429,At Risk
INV004222,6,58.0,At Risk
INV004223,12,43.36363636363637,At Risk
INV004224,7,43.833333333333336,At Risk
INV004225,8,43.714285714285715,At Risk
INV004226,10,53.44444444444444,At Risk
INV004228,10,48.22222222222222,At Risk
INV004230,10,53.55555555555556,At Risk
INV004231,12,39.63636363636363,At Risk
INV004232,12,32.45454545454545,Active
INV004233,7,70.5,At Risk
INV004237,8,65.57142857142857,At Risk
INV004239,9,53.5,At Risk
INV004241,12,43.90909090909091,At Risk
INV004243,12,38.63636363636363,At Risk
INV004246,11,45.2,At Risk
INV004247,9,59.375,At Risk
INV004248,8,62.857142857142854,At Risk
INV004250,6,74.4,At Risk
INV004252,8,58.142857142857146,At Risk
INV004253,6,100.8,At Risk
INV004254,9,59.75,At Risk
INV004257,6,89.2,At Risk
INV004258,11,43.2,At Risk
INV004262,6,73.0,At Risk
INV004263,6,91.2,At Risk
INV004264,8,53.714285714285715,At Risk
INV004265,7,70.16666666666667,At Risk
INV004266,11,37.1,At Risk
INV004267,12,38.36363636363637,At Risk
INV004268,7,73.66666666666667,At Risk
INV004270,11,49.5,At Risk
INV004271,12,41.54545454545455,At Risk
INV004272,8,35.0,Active
INV004273,6,75.8,At Risk
INV004274,11,48.2,At Risk
INV004276,9,20.25,Active
INV004278,12,34.18181818181818,Active
INV004279,11,35.2,At Risk
INV004280,7,72.66666666666667,At Risk
INV004281,11,45.3,At Risk
INV004282,10,48.55555555555556,At Risk
INV004283,11,35.5,At Risk
INV004285,11,46.6,At Risk
INV004287,8,45.57142857142857,At Risk
INV004288,12,41.72727272727273,At Risk
INV004289,12,41.72727272727273,At Risk
INV004290,12,44.63636363636363,At Risk
INV004293,10,48.44444444444444,At Risk
INV004294,8,63.142857142857146,At Risk
INV004295,12,42.27272727272727,At Risk
INV004296,11,51.1,At Risk
INV004297,12,44.0,At Risk
INV004298,8,43.714285714285715,At Risk
INV004299,11,49.1,At Risk
INV004300,6,32.8,Active
INV004302,7,64.33333333333333,At Risk
INV004303,7,45.5,At Risk
INV004306,10,43.22222222222222,At Risk
INV004307,7,50.5,At Risk
INV004308,10,56.44444444444444,At Risk
INV004310,6,79.6,At Risk
INV004314,9,51.875,At Risk
INV004316,8,33.0,Active
INV004318,9,49.75,At Risk
INV004319,12,44.0,At Risk
INV004320,6,83.4,At Risk
INV004321,11,33.6,Active
INV004322,6,58.0,At Risk
INV004324,12,42.36363636363637,At Risk
INV004326,12,32.81818181818182,Active
INV004329,6,80.6,At Risk
INV004332,11,45.3,At Risk
INV004333,7,39.333333333333336,At Risk
INV004334,6,76.4,At Risk
INV004335,9,56.375,At Risk
INV004336,7,71.33333333333333,At Risk
INV004337,6,74.4,At Risk
INV004338,12,40.0,At Risk
INV004339,9,56.5,At Risk
INV004340,9,62.5,At Risk
INV004341,8,56.142857142857146,At Risk
INV004342,6,77.6,At Risk
INV004343,12,40.09090909090909,At Risk
INV004345,12,36.54545454545455,At Risk
INV004346,6,67.4,At Risk
INV004347,8,47.42857142857143,At Risk
INV004348,11,42.8,At Risk
INV004349,11,47.9,At Risk
INV004352,6,79.8,At Risk
INV004353,9,50.375,At Risk
INV004354,6,59.6,At Risk
INV004356,10,38.666666666666664,At Risk
INV004357,10,56.333333333333336,At Risk
INV004358,12,41.45454545454545,At Risk
INV004360,9,58.5,At Risk
INV004361,10,47.888888888888886,At Risk
INV004362,11,41.8,At Risk
INV004363,10,53.333333333333336,At Risk
INV004364,10,44.77777777777778,At Risk
INV004365,12,41.81818181818182,At Risk
INV004366,8,44.57142857142857,At Risk
INV004367,7,79.5,At Risk
INV004368,6,64.8,At Risk
INV004369,9,45.875,At Risk
INV004372,12,33.90909090909091,Active
INV004374,10,53.55555555555556,At Risk
INV004375,6,83.6,At Risk
INV004376,12,39.72727272727273,At Risk
INV004378,7,81.16666666666667,At Risk
INV004379,8,56.42857142857143,At Risk
INV004380,6,96.8,At Risk
INV004381,7,70.33333333333333,At Risk
INV004384,9,52.75,At Risk
INV004388,12,42.72727272727273,At Risk
INV004391,7,49.0,At Risk
INV004392,10,50.22222222222222,At Risk
INV004393,7,45.833333333333336,At Risk
INV004398,6,93.0,At Risk
INV004400,11,39.0,At Risk
INV004401,9,61.125,At Risk
INV004403,10,45.55555555555556,At Risk
INV004407,7,43.5,At Risk
INV004408,7,63.666666666666664,At Risk
INV004410,12,37.18181818181818,At Risk
INV004411,9,53.375,At Risk
INV004412,8,70.57142857142857,At Risk
INV004413,11,48.3,At Risk
INV004414,10,41.888888888888886,At Risk
INV004418,7,39.5,At Risk
INV004421,9,56.75,At Risk
INV004427,12,46.18181818181818,At Risk
INV004428,11,37.3,At Risk
INV004434,12,45.72727272727273,At Risk
INV004436,8,53.857142857142854,At Risk
INV004437,8,51.285714285714285,At Risk
INV004439,6,57.8,At Risk
INV004440,6,67.8,At Risk
INV004442,11,41.6,At Risk
INV004443,11,42.0,At Risk
INV004445,6,85.2,At Risk
INV004446,11,45.1,At Risk
INV004447,10,33.22222222222222,Active
INV004448,8,49.285714285714285,At Risk
INV004450,12,33.90909090909091,Active
INV004451,8,60.42857142857143,At Risk
INV004452,11,48.6,At Risk
INV004454,11,49.2,At Risk
INV004455,12,33.36363636363637,Active
INV004457,11,47.7,At Risk
INV004458,6,29.4,Active
INV004459,11,39.5,At Risk
INV004460,11,34.0,Active
INV004461,9,32.375,Active
INV004463,10,52.666666666666664,At Risk
INV004464,8,53.57142857142857,At Risk
INV004465,11,44.8,At Risk
INV004466,10,51.333333333333336,At Risk
INV004467,8,48.57142857142857,At Risk
INV004468,9,57.625,At Risk
INV004472,11,49.9,At Risk
INV004473,10,48.888888888888886,At Risk
INV004474,7,66.66666666666667,At Risk
INV004475,11,40.7,At Risk
INV004476,9,56.75,At Risk
INV004477,10,45.666666666666664,At Risk
INV004481,9,31.75,Active
INV004482,8,70.28571428571429,At Risk
INV004483,6,83.6,At Risk
INV004484,10,35.22222222222222,At Risk
INV004486,6,77.0,At Risk
INV004487,7,19.666666666666668,Active
INV004492,7,61.333333333333336,At Risk
INV004493,11,50.3,At Risk
INV004495,8,67.71428571428571,At Risk
INV004496,11,49.7,At Risk
INV004497,12,45.63636363636363,At Risk
INV004498,7,76.33333333333333,At Risk
INV004502,11,44.7,At Risk
INV004504,10,42.888888888888886,At Risk
INV004505,11,43.0,At Risk
INV004508,11,42.6,At Risk
INV004509,6,81.6,At Risk
INV004510,7,78.66666666666667,At Risk
INV004511,7,66.83333333333333,At Risk
INV004513,10,53.44444444444444,At Risk
INV004514,6,84.8,At Risk
INV004515,8,50.142857142857146,At Risk
INV004517,8,61.857142857142854,At Risk
INV004518,7,70.83333333333333,At Risk
INV004519,7,68.66666666666667,At Risk
INV004520,7,65.0,At Risk
INV004521,12,33.0,Active
INV004522,6,93.8,At Risk
INV004523,10,48.44444444444444,At Risk
INV004526,10,37.888888888888886,At Risk
INV004527,9,50.875,At Risk
INV004528,7,54.0,At Risk
INV004529,8,65.71428571428571,At Risk
INV004531,10,47.55555555555556,At Risk
INV004533,8,53.714285714285715,At Risk
INV004534,9,49.375,At Risk
INV004540,12,33.45454545454545,Active
INV004542,11,32.6,Active
INV004544,9,48.875,At Risk
INV004545,7,42.0,At Risk
INV004547,11,41.1,At Risk
INV004548,6,99.8,At Risk
INV004549,6,67.8,At Risk
INV004551,9,46.75,At Risk
INV004553,9,56.125,At Risk
INV004555,10,42.0,At Risk
INV004560,10,43.0,At Risk
INV004562,9,52.375,At Risk
INV004563,10,55.888888888888886,At Risk
INV004565,7,77.83333333333333,At Risk
INV004567,7,76.33333333333333,At Risk
INV004574,12,36.54545454545455,At Risk
INV004576,8,60.857142857142854,At Risk
INV004578,6,58.4,At Risk
INV004579,11,31.0,Active
INV004581,9,63.125,At Risk
INV004582,11,50.5,At Risk
INV004583,7,78.66666666666667,At Risk
INV004584,9,34.25,Active
INV004587,7,71.83333333333333,At Risk
INV004589,10,47.333333333333336,At Risk
INV004591,9,48.5,At Risk
INV004592,9,45.75,At Risk
INV004593,11,48.0,At Risk
INV004594,12,43.27272727272727,At Risk
INV004595,9,37.375,At Risk
INV004598,12,38.27272727272727,At Risk
INV004600,11,48.4,At Risk
INV004602,12,43.36363636363637,At Risk
INV004605,11,49.3,At Risk
INV004606,8,43.285714285714285,At Risk
INV004607,9,49.0,At Risk
INV004608,10,42.77777777777778,At Risk
INV004609,6,81.8,At Risk
INV004611,11,33.4,Active
INV004614,9,49.75,At Risk
INV004616,8,69.42857142857143,At Risk
INV004617,12,43.18181818181818,At Risk
INV004619,10,45.666666666666664,At Risk
INV004621,12,39.45454545454545,At Risk
INV004623,6,61.6,At Risk
INV004625,11,48.2,At Risk
INV004626,6,72.2,At Risk
INV004627,9,48.625,At Risk
INV004629,12,41.09090909090909,At Risk
INV004630,12,36.81818181818182,At Risk
INV004631,11,47.0,At Risk
INV004633,12,45.09090909090909,At Risk
INV004634,6,65.6,At Risk
INV004635,9,44.0,At Risk
INV004636,11,41.3,At Risk
INV004638,11,43.1,At Risk
INV004639,8,57.857142857142854,At Risk
INV004640,11,42.2,At Risk
INV004641,10,37.666666666666664,At Risk
INV004642,7,65.83333333333333,At Risk
INV004643,9,37.0,At Risk
INV004646,9,48.375,At Risk
INV004647,9,54.875,At Risk
INV004648,7,39.666666666666664,At Risk
INV004650,10,44.888888888888886,At Risk
INV004651,10,47.77777777777778,At Risk
INV004653,8,70.42857142857143,At Risk
INV004654,8,64.71428571428571,At Risk
INV004655,8,56.714285714285715,At Risk
INV004656,7,80.5,At Risk
INV004659,9,44.0,At Risk
INV004660,7,72.16666666666667,At Risk
INV004661,11,48.8,At Risk
INV004664,7,62.833333333333336,At Risk
INV004665,10,46.333333333333336,At Risk
INV004666,6,70.2,At Risk
INV004669,6,58.4,At Risk
INV004672,11,44.4,At Risk
INV004673,8,46.142857142857146,At Risk
INV004678,7,82.66666666666667,At Risk
INV004680,8,40.42857142857143,At Risk
INV004682,11,33.8,Active
INV004687,6,62.0,At Risk
INV004688,10,45.0,At Risk
INV004689,7,48.0,At Risk
INV004691,9,54.375,At Risk
INV004692,12,44.81818181818182,At Risk
INV004693,8,59.142857142857146,At Risk
INV004694,7,73.16666666666667,At Risk
INV004695,10,55.333333333333336,At Risk
INV004701,11,46.8,At Risk
INV004704,12,43.09090909090909,At Risk
INV004709,6,67.4,At Risk
INV004711,9,54.375,At Risk
INV004712,11,37.2,At Risk
INV004715,8,48.714285714285715,At Risk
INV004716,9,55.5,At Risk
INV004719,6,38.6,At Risk
INV004720,8,52.142857142857146,At Risk
INV004722,9,54.25,At Risk
INV004724,6,68.0,At Risk
INV004731,7,55.666666666666664,At Risk
INV004733,12,37.54545454545455,At Risk
INV004734,7,61.5,At Risk
INV004735,6,94.8,At Risk
INV004737,12,44.63636363636363,At Risk
INV004738,11,46.6,At Risk
INV004739,9,59.875,At Risk
INV004741,10,50.44444444444444,At Risk
INV004742,7,60.666666666666664,At Risk
INV004744,9,46.625,At Risk
INV004745,8,54.142857142857146,At Risk
INV004747,6,92.8,At Risk
INV004748,8,59.42857142857143,At Risk
INV004752,7,57.333333333333336,At Risk
INV004753,11,39.0,At Risk
INV004754,8,58.714285714285715,At Risk
INV004755,10,40.77777777777778,At Risk
INV004756,11,47.2,At Risk
INV004761,10,41.0,At Risk
INV004763,12,45.54545454545455,At Risk
INV004764,11,41.5,At Risk
INV004769,8,57.57142857142857,At Risk
INV004770,12,46.63636363636363,At Risk
INV004771,7,75.66666666666667,At Risk
INV004774,9,53.375,At Risk
INV004776,10,51.0,At Risk
INV004780,12,41.18181818181818,At Risk
INV004784,6,84.8,At Risk
INV004785,8,62.142857142857146,At Risk
INV004787,10,54.77777777777778,At Risk
INV004790,9,35.25,At Risk
INV004794,10,52.111111111111114,At Risk
INV004796,7,28.833333333333332,Active
INV004797,11,50.5,At Risk
INV004798,9,53.0,At Risk
INV004801,6,81.4,At Risk
INV004802,11,36.0,At Risk
INV004803,6,83.2,At Risk
INV004804,12,37.09090909090909,At Risk
INV004805,9,36.375,At Risk
INV004807,10,51.55555555555556,At Risk
INV004811,12,40.36363636363637,At Risk
INV004812,6,50.6,At Risk
INV004813,11,40.7,At Risk
INV004817,6,95.2,At Risk
INV004818,10,44.0,At Risk
INV004819,11,42.1,At Risk
INV004821,10,30.88888888888889,Active
INV004822,10,44.111111111111114,At Risk
INV004823,9,51.75,At Risk
INV004825,10,46.666666666666664,At Risk
INV004826,11,44.3,At Risk
INV004827,7,63.666666666666664,At Risk
INV004828,7,49.666666666666664,At Risk
INV004829,6,67.0,At Risk
INV004830,6,70.8,At Risk
INV004831,7,83.83333333333333,At Risk
INV004833,12,42.45454545454545,At Risk
INV004834,10,34.333333333333336,Active
INV004835,9,60.5,At Risk
INV004836,10,48.22222222222222,At Risk
INV004837,7,74.5,At Risk
INV004840,12,39.27272727272727,At Risk
INV004841,10,52.44444444444444,At Risk
INV004843,8,50.857142857142854,At Risk
INV004844,10,44.44444444444444,At Risk
INV004845,11,47.2,At Risk
INV004846,7,59.5,At Risk
INV004847,9,55.125,At Risk
INV004848,11,45.3,At Risk
INV004849,10,39.0,At Risk
INV004850,12,38.36363636363637,At Risk
INV004851,7,65.66666666666667,At Risk
INV004853,7,57.5,At Risk
INV004854,6,96.0,At Risk
INV004855,11,34.1,Active
INV004857,7,70.33333333333333,At Risk
INV004858,7,67.0,At Risk
INV004860,9,49.0,At Risk
INV004863,10,47.111111111111114,At Risk
INV004864,12,38.45454545454545,At Risk
INV004865,11,45.8,At Risk
INV004866,10,36.888888888888886,At Risk
INV004868,12,36.09090909090909,At Risk
INV004871,12,45.90909090909091,At Risk
INV004874,10,46.77777777777778,At Risk
INV004875,9,58.625,At Risk
INV004876,6,82.0,At Risk
INV004877,7,80.5,At Risk
INV004880,6,58.2,At Risk
INV004885,12,42.81818181818182,At Risk
INV004886,6,65.8,At Risk
INV004887,8,57.142857142857146,At Risk
INV004888,7,53.5,At Risk
INV004889,11,44.7,At Risk
INV004891,12,43.0,At Risk
INV004892,8,58.285714285714285,At Risk
INV004896,12,39.72727272727273,At Risk
INV004899,8,67.0,At Risk
INV004900,8,42.285714285714285,At Risk
INV004901,9,41.5,At Risk
INV004903,6,86.2,At Risk
INV004908,6,74.4,At Risk
INV004910,10,47.666666666666664,At Risk
INV004911,12,34.72727272727273,Active
INV004913,10,48.333333333333336,At Risk
INV004914,9,60.875,At Risk
INV004915,10,56.888888888888886,At Risk
INV004916,10,54.111111111111114,At Risk
INV004917,8,59.285714285714285,At Risk
INV004918,10,55.111111111111114,At Risk
INV004919,11,50.5,At Risk
INV004922,12,39.0,At Risk
INV004924,10,53.111111111111114,At Risk
INV004925,10,51.0,At Risk
INV004926,12,43.63636363636363,At Risk
INV004927,12,39.18181818181818,At Risk
INV004930,6,75.0,At Risk
INV004932,9,52.25,At Risk
INV004933,7,45.333333333333336,At Risk
INV004934,8,47.142857142857146,At Risk
INV004938,6,70.0,At Risk
INV004939,12,38.81818181818182,At Risk
INV004942,6,25.6,Active
INV004945,9,58.375,At Risk
INV004947,10,44.55555555555556,At Risk
INV004948,8,54.714285714285715,At Risk
INV004950,7,73.16666666666667,At Risk
INV004951,6,73.6,At Risk
INV004953,10,44.77777777777778,At Risk
INV004956,11,41.4,At Risk
INV004957,8,68.57142857142857,At Risk
INV004958,8,62.714285714285715,At Risk
INV004959,9,44.25,At Risk
INV004961,9,59.125,At Risk
INV004962,10,38.77777777777778,At Risk
INV004963,7,73.33333333333333,At Risk
INV004967,8,57.857142857142854,At Risk
INV004968,7,24.5,Active
INV004969,9,46.0,At Risk
INV004970,7,68.5,At Risk
INV004972,6,84.8,At Risk
INV004973,11,44.0,At Risk
INV004974,11,36.7,At Risk
INV004978,9,55.125,At Risk
INV004980,8,57.714285714285715,At Risk
INV004981,12,43.09090909090909,At Risk
INV004982,9,52.0,At Risk
INV004983,10,41.55555555555556,At Risk
INV004984,12,41.09090909090909,At Risk
INV004986,8,69.71428571428571,At Risk
INV004989,8,61.714285714285715,At Risk
INV004990,7,51.5,At Risk
INV004992,12,44.45454545454545,At Risk
INV004993,7,74.33333333333333,At Risk
INV004996,11,41.7,At Risk
INV004997,11,48.2,At Risk
INV004998,6,80.2,At Risk
INV004999,9,54.875,At Risk
